mrbts_id,distname,physicalPort,sfpVendor,sfpSerialNumber,sfpType,waveLength(nm),transmissionMode,ransmissionRate(Mb/s),transmissionDistance(m),temperature,txVoltage,txCurrent,txPower,rxPower
4417,MRBTS-4417/EQM-1/APEQM-1/RMOD-1/SFP-1,OPT_IF1-1,WTD_RTXM228-702-AW.1.0,AL1436013024,LC,1310,NotSupported,10000,219.000000,29,3293,44,-3,-3
4417,MRBTS-4417/EQM-1/APEQM-1/CABINET-1/SMOD-1/SFP-1,RFEXT1_10G-3,Hisense_LTF1303-AW,14HQLL26310240,LC,1310,NotSupported,9800,219.000000,48,3284,35,-2,-3
4417,MRBTS-4417/EQM-1/APEQM-1/RMOD-2/SFP-2,OPT_IF1-1,Hisense_LTF1303-AW.A,14HQLL26311484,LC,1310,NotSupported,9800,220.000000,23,3308,31,-3,-10
4417,MRBTS-4417/EQM-1/APEQM-1/CABINET-1/SMOD-1/SFP-2,RFEXT3_10G-5,Hisense_LTF1303-AW,14HQLL26311478,LC,1310,NotSupported,9800,220.000000,50,3281,35,-2,-3
4417,MRBTS-4417/EQM-1/APEQM-1/RMOD-3/SFP-3,OPT_IF1-1,WTD_RTXM228-702-AW.1.0,AL1436013021,LC,1310,NotSupported,10000,220.000000,24,3307,41,-3,-1
4417,MRBTS-4417/EQM-1/APEQM-1/CABINET-1/SMOD-1/SFP-3,RFEXT5_10G-7,FINISARCORP._FTLX1370W3BTL-AW,URE182Y,LC,1310,NotSupported,9800,220.000000,52,3297,49,-1,-5
924702,MRBTS-924702/EQM-1/APEQM-1/RMOD-3/SFP-1,OPT_IF1-1,HGGENUINE_MTRS-1E21-01,MB16170051556  ,LC,1310,NotSupported,9900,243.000000,28,3326,46,-4,-2
924702,MRBTS-924702/EQM-1/APEQM-1/CABINET-1/SMOD-1/SFP-1,RFEXT5_10G-11,HGGENUINE_MTRS-1E21-01,MB16170051569,LC,1310,NotSupported,9900,243.000000,31,3297,48,-3,-3
924702,MRBTS-924702/EQM-1/APEQM-1/RMOD-1/SFP-2,OPT_IF1-1,HGGENUINE_MTRS-1E21-01,MB16170051575  ,LC,1310,NotSupported,9900,244.000000,28,3321,46,-4,-4
924702,MRBTS-924702/EQM-1/APEQM-1/CABINET-1/SMOD-1/SFP-2,RFEXT1_10G-7,HGGENUINE_MTRS-1E21-01,MB16170051574,LC,1310,NotSupported,9900,244.000000,30,3297,46,-5,-3
924702,MRBTS-924702/EQM-1/APEQM-1/RMOD-2/SFP-3,OPT_IF1-1,HGGENUINE_MTRS-1E21-01,MB16170112071  ,LC,1310,NotSupported,9900,244.000000,29,3316,47,-4,-2
924702,MRBTS-924702/EQM-1/APEQM-1/CABINET-1/SMOD-1/SFP-3,RFEXT3_10G-9,HGGENUINE_MTRS-1E21-01,MB16170051572,LC,1310,NotSupported,9900,244.000000,31,3302,46,-3,-4
4356,MRBTS-4356/EQM-1/APEQM-1/RMOD-6/SFP-1,OPT_IF1-1,Hisense_LTF1303-AW1,AD1820A3889,LC,1310,NotSupported,9800,203.000000,33,3286,42,-1,-2
4356,MRBTS-4356/EQM-1/APEQM-1/CABINET-1/BBMOD-1/SFP-1,RF5-5,Hisense_LTF1303-AW1,AD1820A4012,LC,1310,NotSupported,9800,203.000000,40,3268,40,-2,-3
4356,MRBTS-4356/EQM-1/APEQM-1/RMOD-2/SFP-2,OPT_IF1-1,Hisense_LTF1303-AW1,AD1820A1868    ,LC,1310,NotSupported,9800,247.000000,31,3308,39,-2,-2
4356,MRBTS-4356/EQM-1/APEQM-1/CABINET-1/SMOD-1/SFP-1,RFEXT3_10G-5,Hisense_LTF1303-AW,14HQLL26310425,LC,1310,NotSupported,9800,247.000000,42,3280,34,-3,-2
4356,MRBTS-4356/EQM-1/APEQM-1/RMOD-1/SFP-3,OPT_IF1-1,Hisense_LTF1303-AW1,AD1820A3785    ,LC,1310,NotSupported,9800,233.000000,33,3325,40,-3,-3
4356,MRBTS-4356/EQM-1/APEQM-1/CABINET-1/SMOD-1/SFP-2,RFEXT1_10G-3,WTD_RTXM228-702-AW,AL1436013025,LC,1310,NotSupported,10000,233.000000,41,3278,42,-3,-3
4356,MRBTS-4356/EQM-1/APEQM-1/RMOD-5/SFP-4,OPT_IF1-1,Hisense_LTF1303-AW1,AD1820A4625,LC,1310,NotSupported,9800,202.000000,35,3307,41,-1,-2
4356,MRBTS-4356/EQM-1/APEQM-1/CABINET-1/BBMOD-1/SFP-2,RF3-3,Hisense_LTF1303-AW1,AD1820A4066,LC,1310,NotSupported,9800,202.000000,42,3269,41,-1,-1
4356,MRBTS-4356/EQM-1/APEQM-1/RMOD-4/SFP-5,OPT_IF1-1,Hisense_LTF1303-AW1,AD1820A3748,LC,1310,NotSupported,9800,202.000000,32,3314,40,-2,-3
4356,MRBTS-4356/EQM-1/APEQM-1/CABINET-1/BBMOD-1/SFP-3,RF1-1,Hisense_LTF1303-AW1,AD1820A2085,LC,1310,NotSupported,9800,202.000000,40,3254,40,-3,-2
4356,MRBTS-4356/EQM-1/APEQM-1/RMOD-3/SFP-6,OPT_IF1-1,Hisense_LTF1303-AW1,AD1820A1862    ,LC,1310,NotSupported,9800,232.000000,32,3323,40,-2,-2
4356,MRBTS-4356/EQM-1/APEQM-1/CABINET-1/SMOD-1/SFP-3,RFEXT5_10G-7,WTD_RTXM228-702-AW,AL1436013023,LC,1310,NotSupported,10000,232.000000,42,3221,42,-2,-1
4358,MRBTS-4358/EQM-1/APEQM-1/RMOD-2/SFP-1,OPT_IF1-1,WTD_RTXM228-702,FR173624421,LC,1310,NotSupported,10000,220.000000,34,3307,38,-2,-1
4358,MRBTS-4358/EQM-1/APEQM-1/CABINET-1/SMOD-1/SFP-1,RFEXT5_10G-5,WTD_RTXM228-702,FR173624436,LC,1310,NotSupported,10000,220.000000,43,3212,41,-2,-2
4358,MRBTS-4358/EQM-1/APEQM-1/RMOD-1/SFP-2,OPT_IF1-1,WTD_RTXM228-702,FR173624158,LC,1310,NotSupported,10000,220.000000,37,3254,40,-3,-2
4358,MRBTS-4358/EQM-1/APEQM-1/CABINET-1/SMOD-1/SFP-2,RFEXT1_10G-19,FINISARCORP._FTLX1370W3BTL-AW,UV51UG6,LC,1310,NotSupported,10300,220.000000,44,3298,48,-1,-3
4358,MRBTS-4358/EQM-1/APEQM-1/RMOD-6/SFP-3,OPT_IF1-1,WTD_RTXM228-702,FR173624793,LC,1310,NotSupported,10000,220.000000,36,3288,38,-4,-2
4358,MRBTS-4358/EQM-1/APEQM-1/CABINET-1/BBMOD-2/SFP-1,RF5-5,WTD_RTXM228-702,FR173624420,LC,1310,NotSupported,10000,220.000000,45,3283,42,-2,-3
4358,MRBTS-4358/EQM-1/APEQM-1/RMOD-3/SFP-4,OPT_IF1-1,WTD_RTXM228-702,FR173624141,LC,1310,NotSupported,10000,219.000000,36,3231,42,-3,-2
4358,MRBTS-4358/EQM-1/APEQM-1/CABINET-1/BBMOD-1/SFP-2,RF1-1,WTD_RTXM228-702,FR173624155,LC,1310,NotSupported,10000,219.000000,44,3247,42,-2,-3
4358,MRBTS-4358/EQM-1/APEQM-1/RMOD-5/SFP-5,OPT_IF1-1,WTD_RTXM228-702,FR173624148,LC,1310,NotSupported,10000,221.000000,42,3302,43,-3,-3
4358,MRBTS-4358/EQM-1/APEQM-1/CABINET-1/BBMOD-2/SFP-3,RF1-1,WTD_RTXM228-702,FR173624112,LC,1310,NotSupported,10000,221.000000,45,3309,46,-3,-2
4358,MRBTS-4358/EQM-1/APEQM-1/RMOD-4/SFP-6,OPT_IF1-1,WTD_RTXM228-702,FR173624093,LC,1310,NotSupported,10000,220.000000,34,3340,39,-2,-2
4358,MRBTS-4358/EQM-1/APEQM-1/CABINET-1/BBMOD-1/SFP-4,RF5-5,WTD_RTXM228-702,FR173624459,LC,1310,NotSupported,10000,220.000000,42,3288,40,-2,-2
4357,MRBTS-4357/EQM-1/APEQM-1/RMOD-2/SFP-1,OPT_IF1-1,WTD_RTXM228-702,FR170325762,LC,1310,NotSupported,10000,249.000000,46,3283,46,-3,-4
4357,MRBTS-4357/EQM-1/APEQM-1/CABINET-1/SMOD-1/SFP-1,RFEXT5_10G-5,WTD_RTXM228-702,FR170325758,LC,1310,NotSupported,10000,249.000000,39,3295,42,-3,-4
4357,MRBTS-4357/EQM-1/APEQM-1/RMOD-6/SFP-2,OPT_IF1-1,WTD_RTXM228-702,FR170325763,LC,1310,NotSupported,10000,221.000000,46,3254,43,-3,-3
4357,MRBTS-4357/EQM-1/APEQM-1/CABINET-1/BBMOD-2/SFP-1,RF5-5,WTD_RTXM228-702,FR170325757,LC,1310,NotSupported,10000,221.000000,35,3288,42,-3,-3
4357,MRBTS-4357/EQM-1/APEQM-1/RMOD-1/SFP-3,OPT_IF1-1,WTD_RTXM228-702,FR170325765,LC,1310,NotSupported,10000,250.000000,44,3254,42,-3,-3
4357,MRBTS-4357/EQM-1/APEQM-1/CABINET-1/SMOD-1/SFP-2,RFEXT1_10G-19,WTD_RTXM228-702,FR170325756,LC,1310,NotSupported,10000,250.000000,38,3259,43,-3,-3
4357,MRBTS-4357/EQM-1/APEQM-1/RMOD-5/SFP-4,OPT_IF1-1,WTD_RTXM228-702,FR170325764,LC,1310,NotSupported,10000,250.000000,47,3276,45,-3,-4
4357,MRBTS-4357/EQM-1/APEQM-1/CABINET-1/BBMOD-2/SFP-2,RF1-1,WTD_RTXM228-702,FR170325759,LC,1310,NotSupported,10000,250.000000,34,3216,41,-3,-6
4357,MRBTS-4357/EQM-1/APEQM-1/RMOD-4/SFP-5,OPT_IF1-1,WTD_RTXM228-702,FR170325767,LC,1310,NotSupported,10000,221.000000,50,3352,45,-3,-3
4357,MRBTS-4357/EQM-1/APEQM-1/CABINET-1/BBMOD-1/SFP-3,RF5-5,WTD_RTXM228-702,FR170325760,LC,1310,NotSupported,10000,221.000000,37,3247,41,-3,-3
4357,MRBTS-4357/EQM-1/APEQM-1/RMOD-3/SFP-6,OPT_IF1-1,WTD_RTXM228-702,FR170325766,LC,1310,NotSupported,10000,249.000000,48,3262,44,-3,-4
4357,MRBTS-4357/EQM-1/APEQM-1/CABINET-1/BBMOD-1/SFP-4,RF1-1,WTD_RTXM228-702,FR170325761,LC,1310,NotSupported,10000,249.000000,35,3202,44,-4,-4
4103,MRBTS-4103/EQM-1/APEQM-1/RMOD-2/SFP-1,OPT_IF1-1,SOURCEPHOTONICS_SPP10ELRIDFPSA2,U2142609074    ,LC,1310,NotSupported,10300,223.000000,30,3344,37,-2,-3
4103,MRBTS-4103/EQM-1/APEQM-1/CABINET-1/SMOD-1/SFP-1,RFEXT3_10G-3,SOURCEPHOTONICS_SPP10ELRIDFPSA2,U2142604705,LC,1310,NotSupported,10300,223.000000,30,3258,37,-3,-3
4103,MRBTS-4103/EQM-1/APEQM-1/RMOD-1/SFP-2,OPT_IF1-1,SOURCEPHOTONICS_SPP10ELRIDFPSA2,U2142609253    ,LC,1310,NotSupported,10300,225.000000,32,3320,38,-2,-3
4103,MRBTS-4103/EQM-1/APEQM-1/CABINET-1/SMOD-1/SFP-2,RFEXT1_10G-19,SOURCEPHOTONICS_SPP10ELRIDFPSA2,U2142605392,LC,1310,NotSupported,10300,225.000000,30,3287,37,-3,-2
4103,MRBTS-4103/EQM-1/APEQM-1/RMOD-3/SFP-3,OPT_IF1-1,SOURCEPHOTONICS_SPP10ELRIDFPSA2,U2142608630    ,LC,1310,NotSupported,10300,234.000000,26,3325,37,-2,-4
4103,MRBTS-4103/EQM-1/APEQM-1/CABINET-1/SMOD-1/SFP-3,RFEXT5_10G-5,SOURCEPHOTONICS_SPP10ELRIDFPSA2,U2142608865,LC,1310,NotSupported,10300,234.000000,28,3282,36,-3,-3
4103,MRBTS-4103/EQM-1/APEQM-1/RMOD-2/SFP-4,OPT_IF2-2,SOURCEPHOTONICS_SPP10ELRIDFPSA2,U2142608857    ,LC,1310,NotSupported,10300,0.000000,32,3329,37,-3,NotSupported
4103,MRBTS-4103/EQM-1/APEQM-1/RMOD-3/SFP-5,OPT_IF2-2,SOURCEPHOTONICS_SPP10ELRIDFPSA2,U2142608188    ,LC,1310,NotSupported,10300,0.000000,30,3306,37,-2,NotSupported
4103,MRBTS-4103/EQM-1/APEQM-1/RMOD-1/SFP-6,OPT_IF2-2,SOURCEPHOTONICS_SPP10ELRIDFPSA2,U2142608063    ,LC,1310,NotSupported,10300,0.000000,30,3306,38,-2,NotSupported
4104,MRBTS-4104/EQM-1/APEQM-1/RMOD-3/SFP-1,OPT_IF1-1,SOURCEPHOTONICS_SPP10ELRIDFPSA2,U2142511854    ,LC,1310,NotSupported,10300,234.000000,31,3353,37,-2,-5
4104,MRBTS-4104/EQM-1/APEQM-1/CABINET-1/SMOD-1/SFP-1,RFEXT5_10G-3,HGGENUINE_MTRS-1E21-01,MB14210170413,LC,1310,NotSupported,9900,234.000000,32,3297,38,-4,-2
4104,MRBTS-4104/EQM-1/APEQM-1/RMOD-1/SFP-2,OPT_IF1-1,SOURCEPHOTONICS_SPP10ELRIDFPSA2,U2142510260    ,LC,1310,NotSupported,10300,234.000000,30,3329,37,-2,-4
4104,MRBTS-4104/EQM-1/APEQM-1/CABINET-1/SMOD-1/SFP-2,RFEXT1_10G-17,HGGENUINE_MTRS-1E21-01,MB14210140723,LC,1310,NotSupported,9900,234.000000,29,3307,33,-4,-3
4104,MRBTS-4104/EQM-1/APEQM-1/RMOD-2/SFP-3,OPT_IF1-1,SOURCEPHOTONICS_SPP10ELRIDFPSA2,U2142511701    ,LC,1310,NotSupported,10300,234.000000,33,3282,38,-1,-8
4104,MRBTS-4104/EQM-1/APEQM-1/CABINET-1/SMOD-1/SFP-3,RFEXT3_10G-19,HGGENUINE_MTRS-1E21-01,MB14200360712,LC,1310,NotSupported,9900,234.000000,30,3293,43,-4,-1
4104,MRBTS-4104/EQM-1/APEQM-1/RMOD-2/SFP-4,OPT_IF2-5,SOURCEPHOTONICS_SPP10ELRIDFPSA2,U2142509418    ,LC,1310,NotSupported,10300,0.000000,33,3329,37,-3,NotSupported
4104,MRBTS-4104/EQM-1/APEQM-1/RMOD-3/SFP-5,OPT_IF2-5,SOURCEPHOTONICS_SPP10ELRIDFPSA2,U2142508815    ,LC,1310,NotSupported,10300,0.000000,30,3282,37,-2,NotSupported
4140,MRBTS-4140/EQM-1/APEQM-1/RMOD-2/SFP-1,OPT_IF1-1,SOURCEPHOTONICS_SPP10ELRIDFPSA2,U2142102407    ,LC,1310,NotSupported,10300,233.000000,29,3291,37,-3,-5
4140,MRBTS-4140/EQM-1/APEQM-1/CABINET-1/BBMOD-1/SFP-1,RF3-3,HGGENUINE_MTRS-1E21-01,MB14200140960,LC,1310,NotSupported,9900,233.000000,30,3264,33,-4,-3
4140,MRBTS-4140/EQM-1/APEQM-1/RMOD-1/SFP-2,OPT_IF2-2,SOURCEPHOTONICS_SPP10ELRIDFPSA2,U2142108068    ,LC,1310,NotSupported,10300,0.000000,31,3329,37,-3,-8
4140,MRBTS-4140/EQM-1/APEQM-1/CABINET-1/SMOD-1/SFP-1,RFEXT1_10G-3,HGGENUINE_MTRS-1E21-01,MB14230190090,LC,1310,NotSupported,9900,0.000000,31,3259,36,-4,-3
4140,MRBTS-4140/EQM-1/APEQM-1/RMOD-1/SFP-3,OPT_IF1-1,SOURCEPHOTONICS_SPP10ELRIDFPSA2,U2142107896    ,LC,1310,NotSupported,10300,233.000000,31,3287,37,-2,-4
4140,MRBTS-4140/EQM-1/APEQM-1/CABINET-1/BBMOD-1/SFP-2,RF1-1,HGGENUINE_MTRS-1E21-01,MB14190230571,LC,1310,NotSupported,9900,233.000000,29,3254,35,-4,-4
4140,MRBTS-4140/EQM-1/APEQM-1/CABINET-1/BBMOD-1/SFP-3,RF5-5,HGGENUINE_MTRS-1E21-01,MB14200310539,LC,1310,NotSupported,9900,233.000000,30,3264,35,-4,-2
4140,MRBTS-4140/EQM-1/APEQM-1/CABINET-1/SMOD-1/SFP-2,RFEXT3_10G-5,HGGENUINE_MTRS-1E21-01,MB14220140721,LC,1310,NotSupported,9900,233.000000,33,3254,41,-4,-3
4140,MRBTS-4140/EQM-1/APEQM-1/RMOD-3/SFP-4,OPT_IF2-10,SOURCEPHOTONICS_SPP10ELRIDFPSA2,U2142102710    ,LC,1310,NotSupported,10300,233.000000,32,3339,38,-3,-6
4140,MRBTS-4140/EQM-1/APEQM-1/CABINET-1/SMOD-1/SFP-3,RFEXT5_10G-7,HGGENUINE_MTRS-1E21-01,MB14210140709,LC,1310,NotSupported,9900,233.000000,34,3254,43,-4,-2
4132,MRBTS-4132/EQM-1/APEQM-1/RMOD-3/SFP-1,OPT_IF2-5,SOURCEPHOTONICS_SPP10ELRIDFPSA2,U2142605264    ,LC,1310,NotSupported,10300,81.000000,34,3310,37,-2,-3
4132,MRBTS-4132/EQM-1/APEQM-1/CABINET-1/BBMOD-1/SFP-1,RF5-5,HGGENUINE_MTRS-1E21-01,MA14270140213,LC,1310,NotSupported,9900,81.000000,33,3259,34,-3,-1
4132,MRBTS-4132/EQM-1/APEQM-1/RMOD-2/SFP-2,OPT_IF2-5,SOURCEPHOTONICS_SPP10ELRIDFPSA2,U2142605816    ,LC,1310,NotSupported,10300,81.000000,32,3296,37,-2,-4
4132,MRBTS-4132/EQM-1/APEQM-1/CABINET-1/BBMOD-1/SFP-2,RF3-3,HGGENUINE_MTRS-1E21-01,MB14220090739,LC,1310,NotSupported,9900,81.000000,33,3264,33,-4,-2
4132,MRBTS-4132/EQM-1/APEQM-1/RMOD-1/SFP-3,OPT_IF1-1,SOURCEPHOTONICS_SPP10ELRIDFPSA2,U2142604510    ,LC,1310,NotSupported,10300,0.000000,32,3334,38,-3,-6
4132,MRBTS-4132/EQM-1/APEQM-1/CABINET-1/SMOD-1/SFP-1,RFEXT1_10G-13,HGGENUINE_MTRS-1E21-01,MB14190290567,LC,1310,NotSupported,9900,0.000000,32,3269,34,-4,-3
4132,MRBTS-4132/EQM-1/APEQM-1/RMOD-1/SFP-4,OPT_IF2-5,SOURCEPHOTONICS_SPP10ELRIDFPSA2,U2142605785    ,LC,1310,NotSupported,10300,81.000000,31,3334,38,-2,-9
4132,MRBTS-4132/EQM-1/APEQM-1/CABINET-1/BBMOD-1/SFP-3,RF1-1,HGGENUINE_MTRS-1E21-01,MB14200090443,LC,1310,NotSupported,9900,81.000000,31,3254,39,-4,-2
4132,MRBTS-4132/EQM-1/APEQM-1/RMOD-3/SFP-5,OPT_IF1-1,SOURCEPHOTONICS_SPP10ELRIDFPSA2,U2142605301    ,LC,1310,NotSupported,10300,0.000000,32,3339,38,-2,-5
4132,MRBTS-4132/EQM-1/APEQM-1/CABINET-1/SMOD-1/SFP-2,RFEXT5_10G-17,HGGENUINE_MTRS-1E21-01,MB14190180188,LC,1310,NotSupported,9900,0.000000,35,3259,45,-5,-2
4132,MRBTS-4132/EQM-1/APEQM-1/RMOD-2/SFP-6,OPT_IF1-1,SOURCEPHOTONICS_SPP10ELRIDFPSA2,U2142602056    ,LC,1310,NotSupported,10300,80.000000,31,3306,38,-2,-3
4132,MRBTS-4132/EQM-1/APEQM-1/CABINET-1/SMOD-1/SFP-3,RFEXT3_10G-15,HGGENUINE_MTRS-1E21-01,MB14200220848,LC,1310,NotSupported,9900,80.000000,35,3259,44,-5,-2
4175,MRBTS-4175/EQM-1/APEQM-1/RMOD-1/SFP-1,OPT_IF1-1,SOURCEPHOTONICS_SPP10ELRIDFPSA2,U2142104986    ,LC,1310,NotSupported,10300,0.000000,31,3287,37,-2,-4
4175,MRBTS-4175/EQM-1/APEQM-1/CABINET-1/SMOD-1/SFP-1,RFEXT1_10G-5,SOURCEPHOTONICS_SPP10ELRIDFPSA2,U2142606333,LC,1310,NotSupported,10300,0.000000,34,3282,38,-2,-2
4175,MRBTS-4175/EQM-1/APEQM-1/CABINET-1/BBMOD-1/SFP-1,RF3-3,SOURCEPHOTONICS_SPP10ELRIDFPSA2,U2142605948,LC,1310,NotSupported,10300,73.000000,36,3272,37,-2,-3
4175,MRBTS-4175/EQM-1/APEQM-1/RMOD-1/SFP-2,OPT_IF2-10,SOURCEPHOTONICS_SPP10ELRIDFPSA2,U2142104939    ,LC,1310,NotSupported,10300,72.000000,29,3320,37,-2,-5
4175,MRBTS-4175/EQM-1/APEQM-1/CABINET-1/BBMOD-1/SFP-2,RF1-1,SOURCEPHOTONICS_SPP10ELRIDFPSA2,U2142604130,LC,1310,NotSupported,10300,72.000000,32,3244,37,-2,-3
4175,MRBTS-4175/EQM-1/APEQM-1/RMOD-2/SFP-3,OPT_IF1-1,SOURCEPHOTONICS_SPP10ELRIDFPSA2,U2142105496    ,LC,1310,NotSupported,10300,72.000000,29,3325,37,-3,-1
4175,MRBTS-4175/EQM-1/APEQM-1/CABINET-1/SMOD-1/SFP-2,RFEXT3_10G-7,SOURCEPHOTONICS_SPP10ELRIDFPSA2,U2142607191,LC,1310,NotSupported,10300,72.000000,37,3325,37,-3,-8
4134,MRBTS-4134/EQM-1/APEQM-1/RMOD-2/SFP-1,OPT_IF1-1,FINISARCORP._FTLX1370W3BTL-NN,VF142100DP3    ,LC,1310,SingleMode,9800,234.000000,36,3342,43,-1,-2
4134,MRBTS-4134/EQM-1/APEQM-1/CABINET-1/SMOD-1/SFP-1,RFEXT3_10G-9,FINISARCORP._FTLX1370W3BTL-NN,VF142100DPA,LC,1310,SingleMode,9800,234.000000,38,3326,47,-1,-2
4134,MRBTS-4134/EQM-1/APEQM-1/RMOD-3/SFP-2,OPT_IF1-1,FINISARCORP._FTLX1370W3BTL-NN,VF142100DPQ    ,LC,1310,SingleMode,9800,234.000000,34,3349,48,-1,-1
4134,MRBTS-4134/EQM-1/APEQM-1/CABINET-1/SMOD-1/SFP-2,RFEXT5_10G-11,FINISARCORP._FTLX1370W3BTL-NN,VF1421010FR,LC,1310,SingleMode,9800,234.000000,38,3328,46,-2,-1
4134,MRBTS-4134/EQM-1/APEQM-1/RMOD-1/SFP-3,OPT_IF1-1,FINISARCORP._FTLX1370W3BTL-NN,VF142100DOE    ,LC,1310,SingleMode,9800,234.000000,33,3354,45,-1,-1
4134,MRBTS-4134/EQM-1/APEQM-1/CABINET-1/SMOD-1/SFP-3,RFEXT1_10G-7,FINISARCORP._FTLX1370W3BTL-NN,VF1421010F4,LC,1310,SingleMode,9800,234.000000,37,3313,44,-1,-2
4134,MRBTS-4134/EQM-1/APEQM-1/RMOD-3/SFP-4,OPT_IF2-8,FINISARCORP._FTLX1370W3BTL-NN,VF145000D43    ,LC,1310,SingleMode,9800,0.000000,34,3341,46,-1,-25
4134,MRBTS-4134/EQM-1/APEQM-1/RMOD-2/SFP-5,OPT_IF2-8,FINISARCORP._FTLX1370W3BTL-NN,VF142100DQK    ,LC,1310,SingleMode,9800,0.000000,36,3347,45,-1,-24
4134,MRBTS-4134/EQM-1/APEQM-1/RMOD-1/SFP-6,OPT_IF2-8,FINISARCORP._FTLX1370W3BTL-NN,VF142100DQ2    ,LC,1310,SingleMode,9800,0.000000,33,3346,46,-1,-25
4286,MRBTS-4286/EQM-1/APEQM-1/RMOD-4/SFP-1,OPT_IF1-1,FINISARCORP._FTLX1370W3BTL-NN,VF143300981    ,LC,1310,SingleMode,9800,0.000000,47,3317,49,-1,-7
4286,MRBTS-4286/EQM-1/APEQM-1/RMOD-3/SFP-2,OPT_IF2-2,FINISARCORP._FTLX1370W3BTL-NN,VF1429005FW    ,LC,1310,SingleMode,9800,0.000000,45,3296,47,-1,-1
4286,MRBTS-4286/EQM-1/APEQM-1/RMOD-1/SFP-3,OPT_IF1-1,FINISARCORP._FTLX1370W3BTL-NN,VF142200DHZ    ,LC,1310,SingleMode,9800,1595.000000,40,3342,47,-1,-4
4286,MRBTS-4286/EQM-1/APEQM-1/CABINET-1/SMOD-1/SFP-1,RFEXT1_10G-9,FINISARCORP._FTLX1370W3BTL-NN,VF143400BU8,LC,1310,SingleMode,9800,1595.000000,48,3346,47,-1,-10
4286,MRBTS-4286/EQM-1/APEQM-1/RMOD-3/SFP-4,OPT_IF1-1,FINISARCORP._FTLX1370W3BTL-NN,VF142200D3X    ,LC,1310,SingleMode,9800,0.000000,48,3300,48,-1,-1
4286,MRBTS-4286/EQM-1/APEQM-1/RMOD-2/SFP-5,OPT_IF2-2,FINISARCORP._FTLX1370W3BTL-NN,VF14340085W    ,LC,1310,SingleMode,9800,0.000000,40,3299,43,-1,-1
4286,MRBTS-4286/EQM-1/APEQM-1/RMOD-2/SFP-6,OPT_IF1-1,SOURCEPHOTONICS_SPP10ELRIDFPSA2,U2145203894    ,LC,1310,NotSupported,10300,1871.000000,42,3249,39,-2,-15
4286,MRBTS-4286/EQM-1/APEQM-1/CABINET-1/SMOD-1/SFP-2,RFEXT3_10G-11,SOURCEPHOTONICS_SPP10ELRIDFPSA2,U2145103043,LC,1310,NotSupported,10300,1871.000000,40,3306,39,-2,-8
4192,MRBTS-4192/EQM-1/APEQM-1/RMOD-2/SFP-1,OPT_IF2-6,HGGENUINE_MTRS-1E21-01,MB14200220841  ,LC,1310,NotSupported,9900,88.000000,33,3307,44,-4,-3
4192,MRBTS-4192/EQM-1/APEQM-1/CABINET-1/SMOD-1/SFP-1,RFEXT4-8,HGGENUINE_MTRS-1E21-01,MB14190080200,LC,1310,NotSupported,9900,88.000000,40,3302,35,-2,-4
4192,MRBTS-4192/EQM-1/APEQM-1/RMOD-1/SFP-2,OPT_IF2-6,HGGENUINE_MTRS-1E21-01,MB14190030280  ,LC,1310,NotSupported,9900,89.000000,28,3326,35,-4,-4
4192,MRBTS-4192/EQM-1/APEQM-1/CABINET-1/SMOD-1/SFP-2,RFEXT2-6,HGGENUINE_MTRS-1E21-01,MB14190080193,LC,1310,NotSupported,9900,89.000000,38,3302,34,-3,-5
4192,MRBTS-4192/EQM-1/APEQM-1/RMOD-2/SFP-3,OPT_IF1-1,HGGENUINE_MTRS-1E21-01,MB14200140884  ,LC,1310,NotSupported,9900,89.000000,31,3307,40,-4,-5
4192,MRBTS-4192/EQM-1/APEQM-1/CABINET-1/SMOD-1/SFP-3,RFEXT3_10G-7,HGGENUINE_MTRS-1E21-01,MB14190080188,LC,1310,NotSupported,9900,89.000000,39,3302,36,-4,-4
4192,MRBTS-4192/EQM-1/APEQM-1/RMOD-3/SFP-4,OPT_IF1-1,HGGENUINE_MTRS-1E21-01,MB14190081078  ,LC,1310,NotSupported,9900,89.000000,31,3321,39,-4,-3
4192,MRBTS-4192/EQM-1/APEQM-1/CABINET-1/SMOD-1/SFP-4,RFEXT5_10G-9,HGGENUINE_MTRS-1E21-01,MB14210170679,LC,1310,NotSupported,9900,89.000000,40,3297,35,-3,-6
4192,MRBTS-4192/EQM-1/APEQM-1/RMOD-1/SFP-5,OPT_IF1-1,HGGENUINE_MTRS-1E21-01,MB14200140133  ,LC,1310,NotSupported,9900,89.000000,31,3316,34,-4,-4
4192,MRBTS-4192/EQM-1/APEQM-1/CABINET-1/SMOD-1/SFP-5,RFEXT1_10G-5,HGGENUINE_MTRS-1E21-01,MB14190080198,LC,1310,NotSupported,9900,89.000000,38,3307,35,-4,-5
4192,MRBTS-4192/EQM-1/APEQM-1/RMOD-3/SFP-6,OPT_IF2-6,HGGENUINE_MTRS-1E21-01,MB14200141184  ,LC,1310,NotSupported,9900,89.000000,31,3326,38,-4,-3
4192,MRBTS-4192/EQM-1/APEQM-1/CABINET-1/SMOD-1/SFP-6,RFEXT6-10,HGGENUINE_MTRS-1E21-01,MB14190080187,LC,1310,NotSupported,9900,89.000000,39,3297,35,-3,-5
4189,MRBTS-4189/EQM-1/APEQM-1/RMOD-3/SFP-1,OPT_IF2-5,SOURCEPHOTONICS_SPP10ELRIDFPSA2,U2142506697    ,LC,1310,NotSupported,10300,89.000000,35,3339,38,-2,-4
4189,MRBTS-4189/EQM-1/APEQM-1/CABINET-1/SMOD-1/SFP-1,RFEXT6-18,HGGENUINE_MTRS-1E21-01,MB14130340305,LC,1310,NotSupported,9900,89.000000,35,3207,36,-4,-3
4189,MRBTS-4189/EQM-1/APEQM-1/RMOD-2/SFP-2,OPT_IF2-5,SOURCEPHOTONICS_SPP10ELRIDFPSA2,U2142507737    ,LC,1310,NotSupported,10300,86.000000,35,3334,38,-2,-4
4189,MRBTS-4189/EQM-1/APEQM-1/CABINET-1/SMOD-1/SFP-2,RFEXT4-16,HGGENUINE_MTRS-1E21-01,MB14130340347,LC,1310,NotSupported,9900,86.000000,37,3212,35,-3,-3
4189,MRBTS-4189/EQM-1/APEQM-1/RMOD-1/SFP-3,OPT_IF2-5,SOURCEPHOTONICS_SPP10ELRIDFPSA2,U2142508639    ,LC,1310,NotSupported,10300,87.000000,33,3287,38,-3,-3
4189,MRBTS-4189/EQM-1/APEQM-1/CABINET-1/SMOD-1/SFP-3,RFEXT2-14,SOURCEPHOTONICS_SPP10ELRIDFPSA2,U2142603963,LC,1310,NotSupported,10300,87.000000,38,3253,39,-2,-3
4189,MRBTS-4189/EQM-1/APEQM-1/RMOD-2/SFP-4,OPT_IF1-1,SOURCEPHOTONICS_SPP10ELRIDFPSA2,U2142508179    ,LC,1310,NotSupported,10300,88.000000,34,3344,38,-3,-3
4189,MRBTS-4189/EQM-1/APEQM-1/CABINET-1/SMOD-1/SFP-4,RFEXT3_10G-15,HGGENUINE_MTRS-1E21-01,MB14130340381,LC,1310,NotSupported,9900,88.000000,34,3221,35,-4,-2
4189,MRBTS-4189/EQM-1/APEQM-1/RMOD-1/SFP-5,OPT_IF1-1,SOURCEPHOTONICS_SPP10ELRIDFPSA2,U2142507870    ,LC,1310,NotSupported,10300,90.000000,35,3320,39,-2,-2
4189,MRBTS-4189/EQM-1/APEQM-1/CABINET-1/SMOD-1/SFP-5,RFEXT1_10G-13,SOURCEPHOTONICS_SPP10ELRIDFPSA2,U2142603688,LC,1310,NotSupported,10300,90.000000,34,3215,38,-3,-3
4189,MRBTS-4189/EQM-1/APEQM-1/RMOD-3/SFP-6,OPT_IF1-1,SOURCEPHOTONICS_SPP10ELRIDFPSA2,U2142509194    ,LC,1310,NotSupported,10300,89.000000,37,3301,39,-3,-5
4189,MRBTS-4189/EQM-1/APEQM-1/CABINET-1/SMOD-1/SFP-6,RFEXT5_10G-17,HGGENUINE_MTRS-1E21-01,MB14130330169,LC,1310,NotSupported,9900,89.000000,37,3212,34,-3,-3
4190,MRBTS-4190/EQM-1/APEQM-1/RMOD-1/SFP-1,OPT_IF1-1,SOURCEPHOTONICS_SPP10ELRIDFPSA2,U2142608052    ,LC,1310,NotSupported,10300,89.000000,37,3291,38,-2,-4
4190,MRBTS-4190/EQM-1/APEQM-1/CABINET-1/SMOD-1/SFP-1,RFEXT1_10G-9,HGGENUINE_MTRS-1E21-01,MB14190230567,LC,1310,NotSupported,9900,89.000000,33,3278,34,-3,-2
4190,MRBTS-4190/EQM-1/APEQM-1/RMOD-3/SFP-2,OPT_IF1-1,SOURCEPHOTONICS_SPP10ELRIDFPSA2,U2142607510    ,LC,1310,NotSupported,10300,81.000000,35,3329,38,-2,-5
4190,MRBTS-4190/EQM-1/APEQM-1/CABINET-1/SMOD-1/SFP-2,RFEXT5_10G-13,HGGENUINE_MTRS-1E21-01,MB14190230555,LC,1310,NotSupported,9900,81.000000,36,3264,40,-4,-2
4190,MRBTS-4190/EQM-1/APEQM-1/RMOD-1/SFP-3,OPT_IF2-8,SOURCEPHOTONICS_SPP10ELRIDFPSA2,U2142607521    ,LC,1310,NotSupported,10300,88.000000,36,3325,38,-2,-5
4190,MRBTS-4190/EQM-1/APEQM-1/CABINET-1/SMOD-1/SFP-3,RFEXT2-10,HGGENUINE_MTRS-1E21-01,MB14190230554,LC,1310,NotSupported,9900,88.000000,32,3273,33,-2,-2
4190,MRBTS-4190/EQM-1/APEQM-1/RMOD-2/SFP-4,OPT_IF2-8,SOURCEPHOTONICS_SPP10ELRIDFPSA2,U2142607555    ,LC,1310,NotSupported,10300,88.000000,35,3310,38,-2,-5
4190,MRBTS-4190/EQM-1/APEQM-1/CABINET-1/SMOD-1/SFP-4,RFEXT4-12,HGGENUINE_MTRS-1E21-01,MB14190230564,LC,1310,NotSupported,9900,88.000000,36,3273,37,-4,-5
4190,MRBTS-4190/EQM-1/APEQM-1/RMOD-3/SFP-5,OPT_IF2-8,SOURCEPHOTONICS_SPP10ELRIDFPSA2,U2142608551    ,LC,1310,NotSupported,10300,78.000000,34,3315,38,-3,-4
4190,MRBTS-4190/EQM-1/APEQM-1/CABINET-1/SMOD-1/SFP-5,RFEXT6-14,HGGENUINE_MTRS-1E21-01,MB14190230563,LC,1310,NotSupported,9900,78.000000,32,3269,37,-4,-3
4190,MRBTS-4190/EQM-1/APEQM-1/RMOD-2/SFP-6,OPT_IF1-1,SOURCEPHOTONICS_SPP10ELRIDFPSA2,U2142607603    ,LC,1310,NotSupported,10300,89.000000,31,3310,38,-3,-5
4190,MRBTS-4190/EQM-1/APEQM-1/CABINET-1/SMOD-1/SFP-6,RFEXT3_10G-11,HGGENUINE_MTRS-1E21-01,MB14190230113,LC,1310,NotSupported,9900,89.000000,34,3269,38,-4,-3
4096,MRBTS-4096/EQM-1/APEQM-1/RMOD-2/SFP-1,OPT_IF2-5,HGGENUINE_MTRS-1E21-04,MB18191140614  ,LC,1310,NotSupported,9900,82.000000,34,3321,45,-2,-2
4096,MRBTS-4096/EQM-1/APEQM-1/CABINET-1/BBMOD-1/SFP-1,RF3-3,WTD_RTXM228-702,FR182538800,LC,1310,NotSupported,10000,82.000000,49,3235,48,-2,-2
4096,MRBTS-4096/EQM-1/APEQM-1/RMOD-1/SFP-2,OPT_IF1-1,FINISARCORP._FTLX1370W3BTL-NN,VF145000DJ2    ,LC,1310,SingleMode,9800,76.000000,32,3342,47,-1,-1
4096,MRBTS-4096/EQM-1/APEQM-1/CABINET-1/SMOD-1/SFP-1,RFEXT1_10G-5,FINISARCORP._FTLX1370W3BTL-NN,VF145000DGF,LC,1310,SingleMode,9800,76.000000,48,3282,50,-2,-1
4096,MRBTS-4096/EQM-1/APEQM-1/RMOD-2/SFP-3,OPT_IF1-1,FINISARCORP._FTLX1370W3BTL-NN,VF145000DJI    ,LC,1310,SingleMode,9800,76.000000,34,3368,43,-1,-1
4096,MRBTS-4096/EQM-1/APEQM-1/CABINET-1/SMOD-1/SFP-2,RFEXT3_10G-7,FINISARCORP._FTLX1370W3BTL-NN,VF145000DV4,LC,1310,SingleMode,9800,76.000000,50,3266,49,-2,0
4096,MRBTS-4096/EQM-1/APEQM-1/RMOD-3/SFP-4,OPT_IF1-1,FINISARCORP._FTLX1370W3BTL-NN,VF145000DJA    ,LC,1310,SingleMode,9800,76.000000,34,3364,45,-1,-1
4096,MRBTS-4096/EQM-1/APEQM-1/CABINET-1/SMOD-1/SFP-3,RFEXT5_10G-9,FINISARCORP._FTLX1370W3BTL-NN,VF145000DSL,LC,1310,SingleMode,9800,76.000000,49,3275,48,-2,-1
4191,MRBTS-4191/EQM-1/APEQM-1/RMOD-2/SFP-1,OPT_IF1-1,HGGENUINE_MTRS-1E21-01,MA14260280030  ,LC,1310,NotSupported,9900,233.000000,30,3302,41,-4,-4
4191,MRBTS-4191/EQM-1/APEQM-1/CABINET-1/SMOD-1/SFP-1,RFEXT3_10G-5,WTD_RTXM228-702,FR144906635,LC,1310,NotSupported,10000,233.000000,38,3261,42,-3,-3
4191,MRBTS-4191/EQM-1/APEQM-1/RMOD-3/SFP-2,OPT_IF1-1,FINISARCORP._FTLX1471D3BTL-NN,VF1510001IO    ,LC,1310,NotSupported,10300,232.000000,35,3340,42,-2,-3
4191,MRBTS-4191/EQM-1/APEQM-1/CABINET-1/SMOD-1/SFP-2,RFEXT5_10G-7,WTD_RTXM228-702,FR144910928,LC,1310,NotSupported,10000,232.000000,39,3261,44,-3,-2
4191,MRBTS-4191/EQM-1/APEQM-1/RMOD-1/SFP-3,OPT_IF1-1,HGGENUINE_MTRS-1E21-01,MA14260280032  ,LC,1310,NotSupported,9900,235.000000,27,3316,37,-4,-3
4191,MRBTS-4191/EQM-1/APEQM-1/CABINET-1/SMOD-1/SFP-3,RFEXT1_10G-3,WTD_RTXM228-702,FR144910863,LC,1310,NotSupported,10000,235.000000,36,3259,42,-3,-4
4191,MRBTS-4191/EQM-1/APEQM-1/CABINET-1/SMOD-1/SFP-4,RFEXT6-8,WTD_RTXM228-702,FR144904180,LC,1310,NotSupported,10000,NotSupported,35,3273,0,-40,-3
4191,MRBTS-4191/EQM-1/APEQM-1/RMOD-1/SFP-4,OPT_IF2-4,HGGENUINE_MTRS-1E21-01,MA14260280033  ,LC,1310,NotSupported,9900,0.000000,29,3321,37,-4,NotSupported
4191,MRBTS-4191/EQM-1/APEQM-1/CABINET-1/SMOD-1/SFP-5,RFEXT2-4,HGGENUINE_MTRS-1E21-01,MA14260230050,LC,1310,NotSupported,9900,NotSupported,30,3307,0,-40,-6
4191,MRBTS-4191/EQM-1/APEQM-1/RMOD-2/SFP-5,OPT_IF2-4,HGGENUINE_MTRS-1E21-01,MA14260230030  ,LC,1310,NotSupported,9900,0.000000,28,3307,32,-3,NotSupported
4191,MRBTS-4191/EQM-1/APEQM-1/RMOD-3/SFP-6,OPT_IF2-4,HGGENUINE_MTRS-1E21-01,MA14260280036  ,LC,1310,NotSupported,9900,0.000000,31,3312,39,-4,NotSupported
4191,MRBTS-4191/EQM-1/APEQM-1/CABINET-1/SMOD-1/SFP-6,RFEXT4-6,WTD_RTXM228-702,FR144910908,LC,1310,NotSupported,10000,NotSupported,36,3309,0,-40,-8
979730,MRBTS-979730/EQM-1/APEQM-1/RMOD-7/SFP-1,OPT_IF1-1,WTD_RTXM228-702-C39,FR191544114,LC,1310,NotSupported,10000,318.000000,40,3283,41,-2,-3
979730,MRBTS-979730/EQM-1/APEQM-1/CABINET-1/BBMOD-2/SFP-1,RF2-2,WTD_RTXM228-702-C39,FR191563306,LC,1310,NotSupported,10000,318.000000,27,3216,45,-3,-3
979730,MRBTS-979730/EQM-1/APEQM-1/RMOD-5/SFP-2,OPT_IF1-1,WTD_RTXM228-702-C39,FR191564192,LC,1310,NotSupported,10000,0.000000,46,3273,48,-3,-2
979730,MRBTS-979730/EQM-1/APEQM-1/RMOD-2/SFP-3,OPT_IF2-2,WTD_RTXM228-702-C39,FR191543129,LC,1310,NotSupported,10000,0.000000,47,3324,48,-3,-1
979730,MRBTS-979730/EQM-1/APEQM-1/RMOD-4/SFP-4,OPT_IF1-1,WTD_RTXM228-702-C39,FR191564115,LC,1310,NotSupported,10000,251.000000,40,3281,46,-3,-5
979730,MRBTS-979730/EQM-1/APEQM-1/CABINET-1/BBMOD-1/SFP-2,RF3-3,WTD_RTXM228-702-C39,FR191543109,LC,1310,NotSupported,10000,251.000000,30,3147,44,-3,-4
979730,MRBTS-979730/EQM-1/APEQM-1/RMOD-6/SFP-5,OPT_IF1-1,WTD_RTXM228-702-C39,FR191563317,LC,1310,NotSupported,10000,377.000000,45,3340,45,-2,-13
979730,MRBTS-979730/EQM-1/APEQM-1/CABINET-1/BBMOD-2/SFP-3,RF1-1,WTD_RTXM228-702-C39,FR191563313,LC,1310,NotSupported,10000,377.000000,28,3219,45,-2,-6
979730,MRBTS-979730/EQM-1/APEQM-1/RMOD-1/SFP-6,OPT_IF1-1,WTD_RTXM228-702-C39,FR191542409,LC,1310,NotSupported,10000,257.000000,44,3319,46,-3,-3
979730,MRBTS-979730/EQM-1/APEQM-1/CABINET-1/BBMOD-1/SFP-4,RF1-1,WTD_RTXM228-702-C39,FR191563025,LC,1310,NotSupported,10000,257.000000,30,3159,44,-3,-4
979730,MRBTS-979730/EQM-1/APEQM-1/RMOD-3/SFP-7,OPT_IF1-1,WTD_RTXM228-702-C39,FR191564195,LC,1310,NotSupported,10000,0.000000,44,3304,48,-3,-2
979730,MRBTS-979730/EQM-1/APEQM-1/RMOD-1/SFP-8,OPT_IF2-2,WTD_RTXM228-702-C39,FR191564118,LC,1310,NotSupported,10000,0.000000,45,3345,46,-3,-3
979730,MRBTS-979730/EQM-1/APEQM-1/RMOD-2/SFP-9,OPT_IF1-1,WTD_RTXM228-702-C39,FR191542405,LC,1310,NotSupported,10000,336.000000,47,3300,46,-3,-6
979730,MRBTS-979730/EQM-1/APEQM-1/CABINET-1/BBMOD-1/SFP-5,RF2-2,WTD_RTXM228-702-C39,FR191563029,LC,1310,NotSupported,10000,336.000000,30,3207,45,-3,-7
979730,MRBTS-979730/EQM-1/APEQM-1/RMOD-10/SFP-10,OPT_IF1-1,WTD_RTXM228-702-C39,FR191563310,LC,1310,NotSupported,10000,0.000000,43,3314,48,-4,-3
979730,MRBTS-979730/EQM-1/APEQM-1/RMOD-6/SFP-11,OPT_IF2-2,WTD_RTXM228-702-C39,FR191564121,LC,1310,NotSupported,10000,0.000000,44,3250,45,-2,-4
979730,MRBTS-979730/EQM-1/APEQM-1/RMOD-9/SFP-12,OPT_IF1-1,WTD_RTXM228-702-C39,FR191544119,LC,1310,NotSupported,10000,206.000000,39,3257,47,-3,-3
979730,MRBTS-979730/EQM-1/APEQM-1/CABINET-1/BBMOD-1/SFP-6,RF4-4,WTD_RTXM228-702-C39,FR191563308,LC,1310,NotSupported,10000,206.000000,29,3147,44,-3,-5
979730,MRBTS-979730/EQM-1/APEQM-1/RMOD-8/SFP-13,OPT_IF1-1,WTD_RTXM228-702-C39,FR191544116,LC,1310,NotSupported,10000,0.000000,36,3316,45,-3,-3
979730,MRBTS-979730/EQM-1/APEQM-1/RMOD-7/SFP-14,OPT_IF2-2,WTD_RTXM228-702-C39,FR191564198,LC,1310,NotSupported,10000,0.000000,41,3338,44,-1,-2
,,OPT_IF1-1,?????V?z???????l_4??z???????d?,???????d?,Unknown,NotSupported,NotSupported,12700,326.000000,ReadError,ReadError,ReadError,NotSupported,NotSupported
559236,MRBTS-559236/EQM-1/APEQM-1/CABINET-1/BBMOD-1/SFP-1,RF1-1,WTD_RTXM228-702,FR190412295,LC,1310,NotSupported,10000,327.000000,36,3121,45,-3,-3
,,OPT_IF1-1,?????V?b???????L_4??b???????P?,???????P?,Unknown,NotSupported,NotSupported,12700,292.000000,ReadError,ReadError,ReadError,NotSupported,ReadError
559236,MRBTS-559236/EQM-1/APEQM-1/CABINET-1/BBMOD-1/SFP-2,RF6-6,WTD_RTXM228-702,FR190412705,LC,1310,NotSupported,10000,292.000000,35,3197,45,-3,-3
,,OPT_IF1-1,?????V?F???????0_4??F?????^P5?,?????^P5?,Unknown,NotSupported,NotSupported,12700,312.000000,ReadError,ReadError,ReadError,NotSupported,NotSupported
559236,MRBTS-559236/EQM-1/APEQM-1/CABINET-1/BBMOD-1/SFP-3,RF2-2,WTD_RTXM228-702,FR190412296,LC,1310,NotSupported,10000,312.000000,36,3154,42,-1,-5
,,OPT_IF1-1,?????V?~????@y/h_4??~???????m?,???????m?,Unknown,NotSupported,NotSupported,12700,307.000000,ReadError,ReadError,ReadError,NotSupported,NotSupported
559236,MRBTS-559236/EQM-1/APEQM-1/CABINET-1/BBMOD-1/SFP-4,RF5-5,WTD_RTXM228-702,FR190412294,LC,1310,NotSupported,10000,307.000000,36,3140,44,-2,-5
,,OPT_IF1-1,?????V?j?????g/T_4??j?????^PY?,?????^PY?,Unknown,NotSupported,NotSupported,12700,321.000000,ReadError,ReadError,ReadError,NotSupported,NotSupported
559236,MRBTS-559236/EQM-1/APEQM-1/CABINET-1/BBMOD-1/SFP-5,RF4-4,WTD_RTXM228-702,FR190412277,LC,1310,NotSupported,10000,320.000000,35,3173,43,-3,-4
,,OPT_IF1-1,?????V?j????@??T_4??j?????^?X?,?????^?X?,Unknown,NotSupported,NotSupported,12700,298.000000,ReadError,ReadError,ReadError,NotSupported,NotSupported
559236,MRBTS-559236/EQM-1/APEQM-1/CABINET-1/BBMOD-1/SFP-6,RF3-3,WTD_RTXM228-702,FR190412297,LC,1310,NotSupported,10000,298.000000,36,3119,42,-3,-4
,,OPT_IF4-7,?????V?j????`T/T_4??j?????^PY?,?????^PY?,Unknown,NotSupported,NotSupported,12700,NotSupported,ReadError,ReadError,ReadError,NotSupported,ReadError
,,OPT_IF4-7,?????V?~??????/h_4??~???????m?,???????m?,Unknown,NotSupported,NotSupported,12700,NotSupported,ReadError,ReadError,ReadError,NotSupported,NotSupported
,,OPT_IF4-7,?????V?F????P??0_4??F?????^P5?,?????^P5?,Unknown,NotSupported,NotSupported,12700,NotSupported,ReadError,ReadError,ReadError,NotSupported,NotSupported
,,OPT_IF2-5,?????V?j????`q/T_4??j?????^PY?,?????^PY?,Unknown,NotSupported,NotSupported,12700,NotSupported,ReadError,ReadError,ReadError,NotSupported,NotSupported
,,OPT_IF3-6,?????V?j???????T_4??j?????^?X?,?????^?X?,Unknown,NotSupported,NotSupported,12700,NotSupported,ReadError,ReadError,ReadError,NotSupported,NotSupported
,,OPT_IF2-5,?????V?j???????T_4??j?????^?X?,?????^?X?,Unknown,NotSupported,NotSupported,12700,NotSupported,ReadError,ReadError,ReadError,NotSupported,NotSupported
,,OPT_IF3-6,?????V?~????p?/h_4??~???????m?,???????m?,Unknown,NotSupported,NotSupported,12700,NotSupported,ReadError,ReadError,ReadError,NotSupported,NotSupported
,,OPT_IF3-6,?????V?z????0??l_4??z???????d?,???????d?,Unknown,NotSupported,NotSupported,12700,NotSupported,ReadError,ReadError,ReadError,NotSupported,NotSupported
,,OPT_IF2-5,?????V?z????P??l_4??z???????d?,???????d?,Unknown,NotSupported,NotSupported,12700,NotSupported,ReadError,ReadError,ReadError,NotSupported,NotSupported
,,OPT_IF4-7,?????V?z????@??l_4??z???????d?,???????d?,Unknown,NotSupported,NotSupported,12700,NotSupported,ReadError,ReadError,ReadError,NotSupported,NotSupported
,,OPT_IF3-6,?????V?j?????y/T_4??j?????^PY?,?????^PY?,Unknown,NotSupported,NotSupported,12700,NotSupported,ReadError,ReadError,ReadError,NotSupported,NotSupported
,,OPT_IF2-5,?????V?~????@?/h_4??~???????m?,???????m?,Unknown,NotSupported,NotSupported,12700,NotSupported,ReadError,ReadError,ReadError,NotSupported,NotSupported
,,OPT_IF3-6,?????V?F???????0_4??F?????^P5?,?????^P5?,Unknown,NotSupported,NotSupported,12700,NotSupported,ReadError,ReadError,ReadError,NotSupported,NotSupported
,,OPT_IF2-5,?????V?F????p??0_4??F?????^P5?,?????^P5?,Unknown,NotSupported,NotSupported,12700,NotSupported,ReadError,ReadError,ReadError,NotSupported,NotSupported
,,OPT_IF4-7,?????V?b???????L_4??b???????P?,???????P?,Unknown,NotSupported,NotSupported,12700,NotSupported,ReadError,ReadError,ReadError,NotSupported,NotSupported
,,OPT_IF2-5,?????V?b???????L_4??b???????P?,???????P?,Unknown,NotSupported,NotSupported,12700,NotSupported,ReadError,ReadError,ReadError,NotSupported,NotSupported
,,OPT_IF3-6,?????V?b????p??L_4??b???????P?,???????P?,Unknown,NotSupported,NotSupported,12700,NotSupported,ReadError,ReadError,ReadError,NotSupported,NotSupported
,,OPT_IF4-7,?????V?j???????T_4??j?????^?X?,?????^?X?,Unknown,NotSupported,NotSupported,12700,NotSupported,ReadError,ReadError,ReadError,NotSupported,NotSupported
256369,MRBTS-256369/EQM-1/APEQM-1/RMOD-2/SFP-1,OPT_IF2-2,FINISARCORP._FTLF1326P3BTL-NN,VF1406003T4,LC,1310,SingleMode,6300,66.000000,49,3316,49,-1,-4
256369,MRBTS-256369/EQM-1/APEQM-1/CABINET-1/BBMOD-2/SFP-1,RF_EXT1-1,FINISARCORP._FTLF1326P3BTL-NN,VF1403000Z1,LC,1310,SingleMode,6300,66.000000,65,3281,52,-1,-2
256369,MRBTS-256369/EQM-1/APEQM-1/RMOD-1/SFP-2,OPT_IF1-1,FINISARCORP._FTLF1326P3BTL-NN,VF1403002T2,LC,1310,SingleMode,6300,66.000000,51,3304,49,-2,-4
256369,MRBTS-256369/EQM-1/APEQM-1/CABINET-1/SMOD-1/SFP-1,RF_EXT1-1,WTD_RTXM228-601,FR132811746,LC,1310,NotSupported,6100,66.000000,54,3186,40,-4,-2
256369,MRBTS-256369/EQM-1/APEQM-1/RMOD-3/SFP-3,OPT_IF2-2,FINISARCORP._FTLF1326P3BTL-NN,VF1403000Z2,LC,1310,SingleMode,6300,65.000000,69,3280,53,-2,-2
256369,MRBTS-256369/EQM-1/APEQM-1/CABINET-1/SMOD-1/SFP-2,RF_EXT1-4,FINISARCORP._FTLF1326P3BTL-NN,VF140700CZX,LC,1310,SingleMode,6300,65.000000,56,3183,49,-1,-11
256369,MRBTS-256369/EQM-1/APEQM-1/RMOD-2/SFP-4,OPT_IF1-1,FINISARCORP._FTLF1326P3BTL-NN,VF140700DV1,LC,1310,SingleMode,6300,65.000000,51,3320,50,-1,-2
256369,MRBTS-256369/EQM-1/APEQM-1/CABINET-1/SMOD-1/SFP-3,RF_EXT3-3,FINISARCORP._FTLF1326P3BTL-NN,VF1348003K7,LC,1310,SingleMode,6300,65.000000,59,3197,50,-1,-2
256369,MRBTS-256369/EQM-1/APEQM-1/RMOD-1/SFP-5,OPT_IF2-2,FINISARCORP._FTLF1326P3BTL-NN,VF140300305,LC,1310,SingleMode,6300,65.000000,51,3332,50,-1,-4
256369,MRBTS-256369/EQM-1/APEQM-1/CABINET-1/SMOD-1/SFP-4,RF_EXT2-2,WTD_RTXM228-601,FR132608852,LC,1310,NotSupported,6100,65.000000,54,3182,34,-2,-2
256369,MRBTS-256369/EQM-1/APEQM-1/RMOD-3/SFP-6,OPT_IF1-1,FINISARCORP._FTLF1326P3BTL-NN,VF1403000QE,LC,1310,SingleMode,6300,66.000000,63,3280,52,-2,-2
256369,MRBTS-256369/EQM-1/APEQM-1/CABINET-1/BBMOD-1/SFP-2,RF_EXT1-1,FINISARCORP._FTLF1326P3BTL-NN,VF1403000R8,LC,1310,SingleMode,6300,66.000000,64,3286,53,-2,-2
5387,MRBTS-5387/EQM-1/APEQM-1/RMOD-1/SFP-1,OPT_IF1-1,FINISARCORP._FTLX1370W3BTL-NN,VF1435002MW    ,LC,1310,SingleMode,9800,71.000000,37,3349,45,-1,-1
5387,MRBTS-5387/EQM-1/APEQM-1/CABINET-1/SMOD-1/SFP-1,RFEXT1_10G-19,FINISARCORP._FTLX1370W3BTL-NN,VF1435002MU,LC,1310,SingleMode,9800,71.000000,47,3227,47,-1,-1
5387,MRBTS-5387/EQM-1/APEQM-1/RMOD-3/SFP-2,OPT_IF1-1,FINISARCORP._FTLX1370W3BTL-NN,VF1435002N0    ,LC,1310,SingleMode,9800,70.000000,39,3351,47,-3,-1
5387,MRBTS-5387/EQM-1/APEQM-1/CABINET-1/SMOD-1/SFP-2,RFEXT5_10G-5,FINISARCORP._FTLX1370W3BTL-NN,VF1435002MR,LC,1310,SingleMode,9800,70.000000,48,3231,46,-2,-2
5387,MRBTS-5387/EQM-1/APEQM-1/RMOD-2/SFP-3,OPT_IF1-1,FINISARCORP._FTLX1370W3BTL-NN,VF1435002N1    ,LC,1310,SingleMode,9800,79.000000,40,3343,45,-1,-2
5387,MRBTS-5387/EQM-1/APEQM-1/CABINET-1/SMOD-1/SFP-3,RFEXT3_10G-3,FINISARCORP._FTLX1370W3BTL-NN,VF143400APK,LC,1310,SingleMode,9800,79.000000,48,3245,47,-1,-1
5387,MRBTS-5387/EQM-1/APEQM-1/RMOD-2/SFP-4,OPT_IF2-8,FINISARCORP._FTLX1370W3BTL-NN,VF143400AOT    ,LC,1310,SingleMode,9800,79.000000,37,3357,46,-1,-3
5387,MRBTS-5387/EQM-1/APEQM-1/CABINET-1/SMOD-1/SFP-4,RFEXT4-4,FINISARCORP._FTLX1370W3BTL-NN,VF1435002MO,LC,1310,SingleMode,9800,79.000000,49,3234,47,-1,-1
5387,MRBTS-5387/EQM-1/APEQM-1/RMOD-1/SFP-5,OPT_IF2-8,FINISARCORP._FTLX1370W3BTL-NN,VF1435002MX    ,LC,1310,SingleMode,9800,69.000000,36,3354,45,-1,-1
5387,MRBTS-5387/EQM-1/APEQM-1/CABINET-1/SMOD-1/SFP-5,RFEXT2-2,FINISARCORP._FTLX1370W3BTL-NN,VF1435002MN,LC,1310,SingleMode,9800,69.000000,47,3229,48,-1,-2
5387,MRBTS-5387/EQM-1/APEQM-1/RMOD-3/SFP-6,OPT_IF2-4,FINISARCORP._FTLX1370W3BTL-NN,VF1435002MT    ,LC,1310,SingleMode,9800,69.000000,40,3354,46,-1,-3
5387,MRBTS-5387/EQM-1/APEQM-1/CABINET-1/SMOD-1/SFP-6,RFEXT6-6,FINISARCORP._FTLX1370W3BTL-NN,VF1435002MK,LC,1310,SingleMode,9800,69.000000,47,3242,42,-1,-3
5385,MRBTS-5385/EQM-1/APEQM-1/RMOD-2/SFP-1,OPT_IF2-2,SOURCEPHOTONICS_SPP10ELRIDFPSA2,U2142609344    ,LC,1310,NotSupported,10300,80.000000,34,3287,38,-2,-8
5385,MRBTS-5385/EQM-1/APEQM-1/CABINET-1/SMOD-1/SFP-1,RFEXT4-10,SOURCEPHOTONICS_SPP10ELRIDFPSA2,U2142607052,LC,1310,NotSupported,10300,80.000000,61,3144,42,-2,-2
5385,MRBTS-5385/EQM-1/APEQM-1/RMOD-3/SFP-2,OPT_IF2-2,SOURCEPHOTONICS_SPP10ELRIDFPSA2,U2142608039    ,LC,1310,NotSupported,10300,80.000000,37,3320,39,-2,-4
5385,MRBTS-5385/EQM-1/APEQM-1/CABINET-1/SMOD-1/SFP-2,RFEXT6-12,SOURCEPHOTONICS_SPP10ELRIDFPSA2,U2142606827,LC,1310,NotSupported,10300,80.000000,62,3168,43,-4,-2
5385,MRBTS-5385/EQM-1/APEQM-1/RMOD-3/SFP-3,OPT_IF1-1,SOURCEPHOTONICS_SPP10ELRIDFPSA2,U2142608053    ,LC,1310,NotSupported,10300,79.000000,36,3320,39,-2,-3
5385,MRBTS-5385/EQM-1/APEQM-1/CABINET-1/SMOD-1/SFP-3,RFEXT5_10G-11,SOURCEPHOTONICS_SPP10ELRIDFPSA2,U2142607695,LC,1310,NotSupported,10300,79.000000,62,3149,42,-3,-3
5385,MRBTS-5385/EQM-1/APEQM-1/RMOD-2/SFP-4,OPT_IF1-1,SOURCEPHOTONICS_SPP10ELRIDFPSA2,U2142608950    ,LC,1310,NotSupported,10300,99.000000,35,3315,38,-3,-3
5385,MRBTS-5385/EQM-1/APEQM-1/CABINET-1/SMOD-1/SFP-4,RFEXT3_10G-9,SOURCEPHOTONICS_SPP10ELRIDFPSA2,U2142607498,LC,1310,NotSupported,10300,99.000000,56,3182,42,-3,-4
5385,MRBTS-5385/EQM-1/APEQM-1/RMOD-1/SFP-5,OPT_IF2-2,SOURCEPHOTONICS_SPP10ELRIDFPSA2,U2142608136    ,LC,1310,NotSupported,10300,80.000000,32,3353,38,-3,-5
5385,MRBTS-5385/EQM-1/APEQM-1/CABINET-1/SMOD-1/SFP-5,RFEXT1_10G-7,SOURCEPHOTONICS_SPP10ELRIDFPSA2,U2142607852,LC,1310,NotSupported,10300,80.000000,60,3196,42,-2,-3
5385,MRBTS-5385/EQM-1/APEQM-1/RMOD-1/SFP-6,OPT_IF1-1,SOURCEPHOTONICS_SPP10ELRIDFPSA2,U2142607740    ,LC,1310,NotSupported,10300,79.000000,29,3291,38,-3,-8
5385,MRBTS-5385/EQM-1/APEQM-1/CABINET-1/SMOD-1/SFP-6,RFEXT2-8,SOURCEPHOTONICS_SPP10ELRIDFPSA2,U2142606700,LC,1310,NotSupported,10300,79.000000,60,3192,43,-2,-3
4225,MRBTS-4225/EQM-1/APEQM-1/RMOD-1/SFP-1,OPT_IF1-1,HGGENUINE_MTRS-1E21-01,MB14190180087  ,LC,1310,NotSupported,9900,3617.000000,34,3259,38,-4,-12
4225,MRBTS-4225/EQM-1/APEQM-1/CABINET-1/SMOD-1/SFP-1,RFEXT1_10G-15,HGGENUINE_MTRS-1E21-01,MB14210200066,LC,1310,NotSupported,9900,3617.000000,32,3283,44,-4,-10
4139,MRBTS-4139/EQM-1/APEQM-1/RMOD-1/SFP-1,OPT_IF1-1,HGGENUINE_MTRS-1E21-01,MA14280161464  ,LC,1310,NotSupported,9900,235.000000,29,3316,32,-4,-5
4139,MRBTS-4139/EQM-1/APEQM-1/CABINET-1/SMOD-1/SFP-1,RFEXT1_10G-11,HGGENUINE_MTRS-1E21-01,MB14200360701,LC,1310,NotSupported,9900,235.000000,37,3278,44,-5,-3
4139,MRBTS-4139/EQM-1/APEQM-1/RMOD-3/SFP-2,OPT_IF1-1,HGGENUINE_MTRS-1E21-01,MB14190080646  ,LC,1310,NotSupported,9900,234.000000,31,3321,33,-3,-5
4139,MRBTS-4139/EQM-1/APEQM-1/CABINET-1/SMOD-1/SFP-2,RFEXT5_10G-15,HGGENUINE_MTRS-1E21-01,MB14200360704,LC,1310,NotSupported,9900,234.000000,37,3273,45,-5,-5
4139,MRBTS-4139/EQM-1/APEQM-1/RMOD-1/SFP-3,OPT_IF2-2,HGGENUINE_MTRS-1E21-01,MA14280161473  ,LC,1310,NotSupported,9900,233.000000,30,3326,32,-3,-3
4139,MRBTS-4139/EQM-1/APEQM-1/CABINET-1/BBMOD-1/SFP-1,RF1-1,HGGENUINE_MTRS-1E21-01,MB14200360708,LC,1310,NotSupported,9900,233.000000,32,3254,39,-4,-2
4139,MRBTS-4139/EQM-1/APEQM-1/RMOD-2/SFP-4,OPT_IF1-1,HGGENUINE_MTRS-1E21-01,MA14280161455  ,LC,1310,NotSupported,9900,233.000000,31,3321,37,-4,-6
4139,MRBTS-4139/EQM-1/APEQM-1/CABINET-1/SMOD-1/SFP-3,RFEXT3_10G-13,HGGENUINE_MTRS-1E21-01,MB14200360722,LC,1310,NotSupported,9900,233.000000,35,3278,38,-4,-3
4139,MRBTS-4139/EQM-1/APEQM-1/CABINET-1/SMOD-1/SFP-4,RFEXT4-14,HGGENUINE_MTRS-1E21-01,MB14200360702,LC,1310,NotSupported,9900,NotSupported,32,3307,0,-40,-5
4139,MRBTS-4139/EQM-1/APEQM-1/CABINET-1/SMOD-1/SFP-5,RFEXT6-16,HGGENUINE_MTRS-1E21-01,MB14200360707,LC,1310,NotSupported,9900,NotSupported,33,3302,0,-40,-4
4126,MRBTS-4126/EQM-1/APEQM-1/RMOD-2/SFP-1,OPT_IF2-9,HGGENUINE_MTRS-1E21-01,MA14280160804  ,LC,1310,NotSupported,9900,80.000000,31,3316,33,-2,-16
4126,MRBTS-4126/EQM-1/APEQM-1/CABINET-1/SMOD-1/SFP-1,RFEXT3_10G-5,FINISARCORP._FTLX1370W3BTL-NN,VF143400CDZ,LC,1310,SingleMode,9800,80.000000,42,3322,43,-1,-3
4126,MRBTS-4126/EQM-1/APEQM-1/RMOD-3/SFP-2,OPT_IF1-1,HGGENUINE_MTRS-1E21-01,MA14280160822  ,LC,1310,NotSupported,9900,79.000000,32,3302,42,-4,-1
4126,MRBTS-4126/EQM-1/APEQM-1/CABINET-1/SMOD-1/SFP-2,RFEXT5_10G-7,FINISARCORP._FTLX1370W3BTL-NN,VF1434001UO,LC,1310,SingleMode,9800,79.000000,44,3304,48,-1,-3
4126,MRBTS-4126/EQM-1/APEQM-1/RMOD-1/SFP-3,OPT_IF1-1,HGGENUINE_MTRS-1E21-01,MA14280160810  ,LC,1310,NotSupported,9900,80.000000,30,3321,36,-4,-15
4126,MRBTS-4126/EQM-1/APEQM-1/CABINET-1/SMOD-1/SFP-3,RFEXT2-4,FINISARCORP._FTLX1370W3BTL-NN,VF1434001U7,LC,1310,SingleMode,9800,80.000000,45,3311,47,-1,-2
4126,MRBTS-4126/EQM-1/APEQM-1/RMOD-3/SFP-4,OPT_IF2-9,HGGENUINE_MTRS-1E21-01,MA14280160812  ,LC,1310,NotSupported,9900,80.000000,34,3316,43,-4,-1
4126,MRBTS-4126/EQM-1/APEQM-1/CABINET-1/SMOD-1/SFP-4,RFEXT6-8,FINISARCORP._FTLX1370W3BTL-NN,VF1434004C0,LC,1310,SingleMode,9800,80.000000,43,3311,43,-1,-3
4126,MRBTS-4126/EQM-1/APEQM-1/RMOD-2/SFP-5,OPT_IF1-1,HGGENUINE_MTRS-1E21-01,MA14280160813  ,LC,1310,NotSupported,9900,79.000000,31,3321,33,-3,-1
4126,MRBTS-4126/EQM-1/APEQM-1/CABINET-1/SMOD-1/SFP-5,RFEXT4-6,FINISARCORP._FTLX1370W3BTL-NN,VF1434001TX,LC,1310,SingleMode,9800,79.000000,44,3307,46,-1,-4
4126,MRBTS-4126/EQM-1/APEQM-1/RMOD-1/SFP-6,OPT_IF2-4,HGGENUINE_MTRS-1E21-01,MA14280160437  ,LC,1310,NotSupported,9900,79.000000,28,3316,37,-4,0
4126,MRBTS-4126/EQM-1/APEQM-1/CABINET-1/SMOD-1/SFP-6,RFEXT1_10G-3,FINISARCORP._FTLX1370W3BTL-NN,VF1434004BH,LC,1310,SingleMode,9800,79.000000,43,3303,47,-1,-4
4169,MRBTS-4169/EQM-1/APEQM-1/RMOD-3/SFP-1,OPT_IF1-1,SOURCEPHOTONICS_SPP10ELRIDFPSA2,U2142601759    ,LC,1310,NotSupported,10300,117.000000,35,3301,38,-1,-3
4169,MRBTS-4169/EQM-1/APEQM-1/CABINET-1/SMOD-1/SFP-1,RFEXT6-14,HGGENUINE_MTRS-1E21-01,MB14220220485,LC,1310,NotSupported,9900,117.000000,44,3283,35,-3,-2
4169,MRBTS-4169/EQM-1/APEQM-1/RMOD-2/SFP-2,OPT_IF2-10,HGGENUINE_MTRS-1E21-01,MB14200360749  ,LC,1310,NotSupported,9900,165.000000,30,3312,34,-4,-4
4169,MRBTS-4169/EQM-1/APEQM-1/CABINET-1/SMOD-1/SFP-2,RFEXT4-12,HGGENUINE_MTRS-1E21-01,MB14200140433,LC,1310,NotSupported,9900,165.000000,46,3273,43,-4,-4
4169,MRBTS-4169/EQM-1/APEQM-1/RMOD-3/SFP-3,OPT_IF2-10,SOURCEPHOTONICS_SPP10ELRIDFPSA2,U2142608820    ,LC,1310,NotSupported,10300,117.000000,35,3329,38,-3,-4
4169,MRBTS-4169/EQM-1/APEQM-1/CABINET-1/SMOD-1/SFP-3,RFEXT5_10G-13,HGGENUINE_MTRS-1E21-01,MB14220220332,LC,1310,NotSupported,9900,117.000000,46,3278,36,-3,-2
4169,MRBTS-4169/EQM-1/APEQM-1/CABINET-1/SMOD-1/SFP-4,RFEXT3_10G-11,HGGENUINE_MTRS-1E21-01,MB14220090371,LC,1310,NotSupported,9900,117.000000,46,3269,46,-4,-3
4169,MRBTS-4169/EQM-1/APEQM-1/RMOD-1/SFP-4,OPT_IF2-6,SOURCEPHOTONICS_SPP10ELRIDFPSA2,U2142608730    ,LC,1310,NotSupported,10300,117.000000,29,3287,37,-3,-5
4169,MRBTS-4169/EQM-1/APEQM-1/CABINET-1/SMOD-1/SFP-5,RFEXT1_10G-9,HGGENUINE_MTRS-1E21-01,MB14220220786,LC,1310,NotSupported,9900,117.000000,44,3278,39,-4,-3
4169,MRBTS-4169/EQM-1/APEQM-1/RMOD-1/SFP-5,OPT_IF1-1,SOURCEPHOTONICS_SPP10ELRIDFPSA2,U2142514692    ,LC,1310,NotSupported,10300,116.000000,33,3310,38,-2,-3
4169,MRBTS-4169/EQM-1/APEQM-1/CABINET-1/SMOD-1/SFP-6,RFEXT2-10,HGGENUINE_MTRS-1E21-01,MB14220220504,LC,1310,NotSupported,9900,116.000000,41,3283,35,-3,-2
4172,MRBTS-4172/EQM-1/APEQM-1/RMOD-3/SFP-1,OPT_IF1-1,HGGENUINE_MTRS-1E21-01,MB14190180013  ,LC,1310,NotSupported,9900,79.000000,31,3316,33,-3,-3
4172,MRBTS-4172/EQM-1/APEQM-1/CABINET-1/SMOD-1/SFP-1,RFEXT5_10G-19,SOURCEPHOTONICS_SPP10ELRIDFPSA2,U2142605381,LC,1310,NotSupported,10300,79.000000,38,3211,38,-3,-4
4172,MRBTS-4172/EQM-1/APEQM-1/RMOD-1/SFP-2,OPT_IF2-7,HGGENUINE_MTRS-1E21-01,MB14190180164  ,LC,1310,NotSupported,9900,80.000000,34,3316,45,-5,-4
4172,MRBTS-4172/EQM-1/APEQM-1/CABINET-1/SMOD-1/SFP-2,RFEXT2-16,SOURCEPHOTONICS_SPP10ELRIDFPSA2,U2142605035,LC,1310,NotSupported,10300,80.000000,36,3220,38,-2,-5
4172,MRBTS-4172/EQM-1/APEQM-1/RMOD-2/SFP-3,OPT_IF2-7,HGGENUINE_MTRS-1E21-01,MB14190180025  ,LC,1310,NotSupported,9900,79.000000,33,3331,34,-3,-2
4172,MRBTS-4172/EQM-1/APEQM-1/CABINET-1/SMOD-1/SFP-3,RFEXT4-18,SOURCEPHOTONICS_SPP10ELRIDFPSA2,U2142604747,LC,1310,NotSupported,10300,79.000000,39,3277,39,-3,-11
4172,MRBTS-4172/EQM-1/APEQM-1/RMOD-3/SFP-4,OPT_IF2-7,HGGENUINE_MTRS-1E21-01,MB14190180018  ,LC,1310,NotSupported,9900,79.000000,33,3307,42,-4,-3
4172,MRBTS-4172/EQM-1/APEQM-1/CABINET-1/SMOD-1/SFP-4,RFEXT6-2,SOURCEPHOTONICS_SPP10ELRIDFPSA2,U2142604996,LC,1310,NotSupported,10300,79.000000,36,3244,38,-2,-4
4172,MRBTS-4172/EQM-1/APEQM-1/RMOD-1/SFP-5,OPT_IF1-1,HGGENUINE_MTRS-1E21-01,MB14190180157  ,LC,1310,NotSupported,9900,80.000000,34,3316,40,-4,-3
4172,MRBTS-4172/EQM-1/APEQM-1/CABINET-1/SMOD-1/SFP-5,RFEXT1_10G-15,SOURCEPHOTONICS_SPP10ELRIDFPSA2,U2142512481,LC,1310,NotSupported,10300,80.000000,36,3239,38,-2,-4
4172,MRBTS-4172/EQM-1/APEQM-1/RMOD-2/SFP-6,OPT_IF1-1,HGGENUINE_MTRS-1E21-01,MB14190180153  ,LC,1310,NotSupported,9900,80.000000,33,3326,34,-3,-2
4172,MRBTS-4172/EQM-1/APEQM-1/CABINET-1/SMOD-1/SFP-6,RFEXT3_10G-17,SOURCEPHOTONICS_SPP10ELRIDFPSA2,U2142605600,LC,1310,NotSupported,10300,80.000000,39,3244,38,-3,-3
4595,MRBTS-4595/EQM-1/APEQM-1/RMOD-1/SFP-1,OPT_IF1-1,SOURCEPHOTONICS_SPP8FLRIDFDSA2,U2142102127    ,LC,1310,SingleMode,6300,79.000000,36,3287,36,-2,-3
4595,MRBTS-4595/EQM-1/APEQM-1/CABINET-1/SMOD-1/SFP-1,RF_EXT1-1,SOURCEPHOTONICS_SPP8FLRIDFDSA2,U2142101163,LC,1310,SingleMode,6300,79.000000,41,3239,42,-2,-7
4458,MRBTS-4458/EQM-1/APEQM-1/RMOD-1/SFP-1,OPT_IF1-1,HGGENUINE_MTRS-1E21-01,MB14210200061  ,LC,1310,NotSupported,9900,215.000000,29,3307,44,-4,-4
4458,MRBTS-4458/EQM-1/APEQM-1/CABINET-1/SMOD-1/SFP-1,RFEXT1_10G-5,HGGENUINE_MTRS-1E21-01,MB14210200057,LC,1310,NotSupported,9900,215.000000,35,3288,41,-4,-4
4458,MRBTS-4458/EQM-1/APEQM-1/RMOD-3/SFP-2,OPT_IF2-2,HGGENUINE_MTRS-1E21-01,MB14210200063  ,LC,1310,NotSupported,9900,215.000000,31,3312,38,-4,-3
4458,MRBTS-4458/EQM-1/APEQM-1/CABINET-1/SMOD-1/SFP-2,RFEXT5_10G-9,HGGENUINE_MTRS-1E21-01,MB14210200051,LC,1310,NotSupported,9900,215.000000,35,3297,36,-4,-5
4458,MRBTS-4458/EQM-1/APEQM-1/RMOD-2/SFP-3,OPT_IF1-1,HGGENUINE_MTRS-1E21-01,MB14210200052  ,LC,1310,NotSupported,9900,227.000000,30,3264,38,-4,-4
4458,MRBTS-4458/EQM-1/APEQM-1/CABINET-1/SMOD-1/SFP-3,RFEXT3_10G-7,HGGENUINE_MTRS-1E21-01,MB14210200073,LC,1310,NotSupported,9900,227.000000,37,3283,44,-5,-5
4458,MRBTS-4458/EQM-1/APEQM-1/RMOD-3/SFP-4,OPT_IF1-1,WTD_RTXM228-702,FR173511685    ,LC,1310,NotSupported,10000,215.000000,35,3331,41,-3,-3
4458,MRBTS-4458/EQM-1/APEQM-1/CABINET-1/BBMOD-1/SFP-1,RF5-5,WTD_RTXM228-702,FR173513710,LC,1310,NotSupported,10000,215.000000,35,3269,42,-4,-3
4458,MRBTS-4458/EQM-1/APEQM-1/RMOD-1/SFP-5,OPT_IF2-6,HGGENUINE_MTRS-1E21-01,MB14210200058  ,LC,1310,NotSupported,9900,0.000000,31,3316,44,-4,NotSupported
4458,MRBTS-4458/EQM-1/APEQM-1/RMOD-2/SFP-6,OPT_IF2-6,HGGENUINE_MTRS-1E21-01,MB14210200074  ,LC,1310,NotSupported,9900,0.000000,31,3254,40,-4,NotSupported
271341,MRBTS-271341/EQM-1/APEQM-1/RMOD-1/SFP-1,OPT_IF1-1,SOURCEPHOTONICS_SPP10ELRIDFPSA2,U2155212126    ,LC,1310,NotSupported,10300,244.000000,36,3320,38,-2,-4
271341,MRBTS-271341/EQM-1/APEQM-1/CABINET-1/SMOD-1/SFP-1,RFEXT1_10G-19,SOURCEPHOTONICS_SPP10ELRIDFPSA2,U2155211481,LC,1310,NotSupported,10300,244.000000,35,3310,38,-2,-2
271341,MRBTS-271341/EQM-1/APEQM-1/RMOD-2/SFP-2,OPT_IF1-1,SOURCEPHOTONICS_SPP10ELRIDFPSA2,U2155212215    ,LC,1310,NotSupported,10300,243.000000,34,3320,38,-2,-3
271341,MRBTS-271341/EQM-1/APEQM-1/CABINET-1/SMOD-1/SFP-2,RFEXT3_10G-3,SOURCEPHOTONICS_SPP10ELRIDFPSA2,U2155211306,LC,1310,NotSupported,10300,243.000000,35,3334,37,-2,-3
271341,MRBTS-271341/EQM-1/APEQM-1/RMOD-3/SFP-3,OPT_IF1-1,SOURCEPHOTONICS_SPP10ELRIDFPSA2,U2155212142    ,LC,1310,NotSupported,10300,243.000000,33,3329,38,-2,-6
271341,MRBTS-271341/EQM-1/APEQM-1/CABINET-1/SMOD-1/SFP-3,RFEXT5_10G-5,SOURCEPHOTONICS_SPP10ELRIDFPSA2,U2155207782,LC,1310,NotSupported,10300,243.000000,38,3315,38,-3,-2
4524,MRBTS-4524/EQM-1/APEQM-1/RMOD-3/SFP-1,OPT_IF1-1,HGGENUINE_MTRS-1E21-01,MB14230010813,LC,1310,NotSupported,9900,968.000000,33,3326,34,-4,-3
4524,MRBTS-4524/EQM-1/APEQM-1/CABINET-1/SMOD-1/SFP-1,RFEXT5_10G-11,HGGENUINE_MTRS-1E21-01,MB14230010806,LC,1310,NotSupported,9900,968.000000,43,3283,35,-2,-5
4524,MRBTS-4524/EQM-1/APEQM-1/RMOD-2/SFP-2,OPT_IF1-1,HGGENUINE_MTRS-1E21-01,MB14210170955,LC,1310,NotSupported,9900,969.000000,37,3307,34,-3,-3
4524,MRBTS-4524/EQM-1/APEQM-1/CABINET-1/SMOD-1/SFP-2,RFEXT3_10G-9,HGGENUINE_MTRS-1E21-01,MB14230010802,LC,1310,NotSupported,9900,969.000000,42,3283,35,-2,-3
4524,MRBTS-4524/EQM-1/APEQM-1/RMOD-3/SFP-3,OPT_IF2-3,HGGENUINE_MTRS-1E21-01,MB14210170144,LC,1310,NotSupported,9900,969.000000,34,3321,39,-4,-6
4524,MRBTS-4524/EQM-1/APEQM-1/CABINET-1/SMOD-1/SFP-3,RFEXT6-12,HGGENUINE_MTRS-1E21-01,MB14230010818,LC,1310,NotSupported,9900,969.000000,43,3269,42,-4,-15
4524,MRBTS-4524/EQM-1/APEQM-1/RMOD-1/SFP-4,OPT_IF1-1,HGGENUINE_MTRS-1E21-01,MB14210170039,LC,1310,NotSupported,9900,962.000000,35,3307,35,-3,-5
4524,MRBTS-4524/EQM-1/APEQM-1/CABINET-1/SMOD-1/SFP-4,RFEXT1_10G-7,HGGENUINE_MTRS-1E21-01,MB14230010824,LC,1310,NotSupported,9900,962.000000,42,3278,35,-3,-5
4524,MRBTS-4524/EQM-1/APEQM-1/RMOD-1/SFP-5,OPT_IF2-3,HGGENUINE_MTRS-1E21-01,MB14230010810,LC,1310,NotSupported,9900,969.000000,37,3293,44,-4,-5
4524,MRBTS-4524/EQM-1/APEQM-1/CABINET-1/SMOD-1/SFP-5,RFEXT2-8,HGGENUINE_MTRS-1E21-01,MB14230010812,LC,1310,NotSupported,9900,969.000000,41,3278,36,-4,-4
4524,MRBTS-4524/EQM-1/APEQM-1/RMOD-2/SFP-6,OPT_IF2-3,HGGENUINE_MTRS-1E21-01,MB14210170146,LC,1310,NotSupported,9900,967.000000,38,3307,35,-4,-4
4524,MRBTS-4524/EQM-1/APEQM-1/CABINET-1/SMOD-1/SFP-6,RFEXT4-10,HGGENUINE_MTRS-1E21-01,MB14230010811,LC,1310,NotSupported,9900,967.000000,42,3269,35,-3,-4
4475,MRBTS-4475/EQM-1/APEQM-1/RMOD-5/SFP-1,OPT_IF2-7,HGGENUINE_MTRS-1E21-04,MB17340530311,LC,1310,NotSupported,9900,201.000000,35,3316,45,-2,-3
4475,MRBTS-4475/EQM-1/APEQM-1/CABINET-1/BBMOD-2/SFP-1,RF5-5,WTD_RTXM228-702,FR164224281,LC,1310,NotSupported,10000,201.000000,39,3233,41,-2,-3
4475,MRBTS-4475/EQM-1/APEQM-1/RMOD-4/SFP-2,OPT_IF2-7,HGGENUINE_MTRS-1E21-04,MB17340530643,LC,1310,NotSupported,9900,201.000000,34,3307,44,-1,-3
4475,MRBTS-4475/EQM-1/APEQM-1/CABINET-1/BBMOD-2/SFP-2,RF1-1,WTD_RTXM228-702,FR164229454,LC,1310,NotSupported,10000,201.000000,37,3231,44,-3,-1
4475,MRBTS-4475/EQM-1/APEQM-1/RMOD-4/SFP-3,OPT_IF1-1,SOURCEPHOTONICS_SPP10ELRIDFPSA2,U2161903182,LC,1310,NotSupported,10300,220.000000,37,3339,37,-3,-3
4475,MRBTS-4475/EQM-1/APEQM-1/CABINET-1/BBMOD-1/SFP-3,RF1-1,SOURCEPHOTONICS_SPP10ELRIDFPSA2,U2161900338,LC,1310,NotSupported,10300,220.000000,39,3244,37,-2,-4
4475,MRBTS-4475/EQM-1/APEQM-1/RMOD-6/SFP-4,OPT_IF1-1,SOURCEPHOTONICS_SPP10ELRIDFPSA2,U2161900443,LC,1310,NotSupported,10300,220.000000,38,3296,37,-2,-2
4475,MRBTS-4475/EQM-1/APEQM-1/CABINET-1/BBMOD-1/SFP-4,RF5-5,SOURCEPHOTONICS_SPP10ELRIDFPSA2,U2161900337,LC,1310,NotSupported,10300,220.000000,38,3268,37,-2,-3
4475,MRBTS-4475/EQM-1/APEQM-1/RMOD-5/SFP-5,OPT_IF1-1,SOURCEPHOTONICS_SPP10ELRIDFPSA2,U2161900476,LC,1310,NotSupported,10300,220.000000,40,3310,37,-2,-1
4475,MRBTS-4475/EQM-1/APEQM-1/CABINET-1/BBMOD-1/SFP-5,RF3-3,SOURCEPHOTONICS_SPP10ELRIDFPSA2,U2161900420,LC,1310,NotSupported,10300,220.000000,40,3239,39,-1,-3
4475,MRBTS-4475/EQM-1/APEQM-1/RMOD-2/SFP-6,OPT_IF1-1,HGGENUINE_MTRS-1E21-01,MB14230011019  ,LC,1310,NotSupported,9900,243.000000,31,3326,33,-4,-5
4475,MRBTS-4475/EQM-1/APEQM-1/CABINET-1/SMOD-1/SFP-1,RFEXT3_10G-17,HGGENUINE_MTRS-1E21-01,MB14230011011,LC,1310,NotSupported,9900,243.000000,35,3221,33,-3,-5
4475,MRBTS-4475/EQM-1/APEQM-1/RMOD-1/SFP-7,OPT_IF1-1,HGGENUINE_MTRS-1E21-01,MB14230010445  ,LC,1310,NotSupported,9900,242.000000,31,3321,35,-4,-4
4475,MRBTS-4475/EQM-1/APEQM-1/CABINET-1/SMOD-1/SFP-2,RFEXT1_10G-15,HGGENUINE_MTRS-1E21-01,MB14230011024,LC,1310,NotSupported,9900,242.000000,33,3226,43,-4,-4
4475,MRBTS-4475/EQM-1/APEQM-1/RMOD-6/SFP-8,OPT_IF2-11,HGGENUINE_MTRS-1E21-04,MB17340530270,LC,1310,NotSupported,9900,201.000000,35,3312,46,-2,-3
4475,MRBTS-4475/EQM-1/APEQM-1/CABINET-1/BBMOD-2/SFP-6,RF3-3,WTD_RTXM228-702,FR164221823,LC,1310,NotSupported,10000,201.000000,38,3207,45,-3,-2
4475,MRBTS-4475/EQM-1/APEQM-1/RMOD-3/SFP-9,OPT_IF1-1,HGGENUINE_MTRS-1E21-01,MB14230011008  ,LC,1310,NotSupported,9900,243.000000,29,3326,38,-4,-2
4475,MRBTS-4475/EQM-1/APEQM-1/CABINET-1/SMOD-1/SFP-3,RFEXT5_10G-19,HGGENUINE_MTRS-1E21-01,MB14230010431,LC,1310,NotSupported,9900,243.000000,35,3221,34,-2,-5
4475,MRBTS-4475/EQM-1/APEQM-1/CABINET-1/SMOD-1/SFP-4,RFEXT6-2,HGGENUINE_MTRS-1E21-01,MB14230010440,LC,1310,NotSupported,9900,NotSupported,31,3250,0,-40,-3
4475,MRBTS-4475/EQM-1/APEQM-1/CABINET-1/SMOD-1/SFP-5,RFEXT2-16,HGGENUINE_MTRS-1E21-01,MB14230011039,LC,1310,NotSupported,9900,NotSupported,30,3254,0,-40,-4
4475,MRBTS-4475/EQM-1/APEQM-1/RMOD-3/SFP-10,OPT_IF2-7,HGGENUINE_MTRS-1E21-01,MB14230010430  ,LC,1310,NotSupported,9900,0.000000,28,3312,33,-3,NotSupported
4475,MRBTS-4475/EQM-1/APEQM-1/RMOD-2/SFP-11,OPT_IF2-7,HGGENUINE_MTRS-1E21-01,MB14230011012  ,LC,1310,NotSupported,9900,0.000000,31,3326,33,-3,NotSupported
4475,MRBTS-4475/EQM-1/APEQM-1/CABINET-1/SMOD-1/SFP-6,RFEXT4-18,HGGENUINE_MTRS-1E21-01,MB14230011017,LC,1310,NotSupported,9900,NotSupported,32,3254,0,-40,-4
4475,MRBTS-4475/EQM-1/APEQM-1/RMOD-1/SFP-12,OPT_IF2-7,HGGENUINE_MTRS-1E21-01,MB14230010444  ,LC,1310,NotSupported,9900,0.000000,31,3321,34,-4,NotSupported
4436,MRBTS-4436/EQM-1/APEQM-1/RMOD-2/SFP-1,OPT_IF1-1,WTD_RTXM228-702-AW.1.0,AL1364006653,LC,1310,NotSupported,10000,173.000000,54,3300,55,-2,-5
4436,MRBTS-4436/EQM-1/APEQM-1/CABINET-1/SMOD-1/SFP-1,RFEXT3_10G-9,WTD_RTXM228-702-AW,AL1364006030,LC,1310,NotSupported,10000,173.000000,40,3250,47,-1,-3
4436,MRBTS-4436/EQM-1/APEQM-1/RMOD-1/SFP-2,OPT_IF1-1,SOURCEPHOTONICS_SPP10ELRIDFPAW.10,14--HL33009646,LC,1310,NotSupported,10300,163.000000,49,3344,42,-4,-4
4436,MRBTS-4436/EQM-1/APEQM-1/CABINET-1/SMOD-1/SFP-2,RFEXT1_10G-7,WTD_RTXM228-702-AW,AL1367011498,LC,1310,NotSupported,10000,163.000000,40,3252,42,-2,-8
555336,MRBTS-555336/EQM-1/APEQM-1/RMOD-1/SFP-1,OPT_IF1-1,HGGENUINE_MTRS-1E21-04,MB18320740297,LC,1310,NotSupported,9900,681.000000,45,3312,45,-2,-5
555336,MRBTS-555336/EQM-1/APEQM-1/CABINET-1/BBMOD-1/SFP-1,RF1-1,HGGENUINE_MTRS-1E21-04,EB18300880074,LC,1310,NotSupported,9900,681.000000,37,3231,47,-2,-12
555336,MRBTS-555336/EQM-1/APEQM-1/RMOD-4/SFP-2,OPT_IF1-1,HGGENUINE_MTRS-1E21-04,MA18201352393,LC,1310,NotSupported,9900,0.000000,48,3316,44,-1,-4
555336,MRBTS-555336/EQM-1/APEQM-1/RMOD-3/SFP-3,OPT_IF2-2,HGGENUINE_MTRS-1E21-04,MA18201351043,LC,1310,NotSupported,9900,0.000000,48,3312,47,-2,-2
555336,MRBTS-555336/EQM-1/APEQM-1/RMOD-2/SFP-4,OPT_IF1-1,HGGENUINE_MTRS-1E21-04,MB18320741226,LC,1310,NotSupported,9900,0.000000,43,3331,44,-4,-3
555336,MRBTS-555336/EQM-1/APEQM-1/RMOD-1/SFP-5,OPT_IF2-2,HGGENUINE_MTRS-1E21-04,MB18320741325,LC,1310,NotSupported,9900,0.000000,45,3312,45,-3,-9
555336,MRBTS-555336/EQM-1/APEQM-1/RMOD-3/SFP-6,OPT_IF1-1,HGGENUINE_MTRS-1E21-04,MA18201351166,LC,1310,NotSupported,9900,675.000000,48,3307,47,-2,-7
555336,MRBTS-555336/EQM-1/APEQM-1/CABINET-1/BBMOD-1/SFP-2,RF2-2,HGGENUINE_MTRS-1E21-04,MB18320741153,LC,1310,NotSupported,9900,675.000000,36,3226,44,-4,-7
1015855,MRBTS-1015855/RMOD-5/SFP-1,OPT_IF1-1,FINISAR CORP._FTLX1471D3BTL-AW.A,AUM1CVY,LC,1310,SingleMode,10300,1406,33,3321,45,-2,-3
1015855,MRBTS-1015855/SMOD-1/SFP-1,RFEXT5_10G-9,FINISARCORP._FTLX1471D3BTL-AW,AUN1BUC,LC,1310,SingleMode,10300,1405,37,3269,45,-2,-2
1015855,MRBTS-1015855/RMOD-1/SFP-2,OPT_IF1-1,FINISAR CORP._FTLX1471D3BTL-AW.A,AUM1FZJ,LC,1310,SingleMode,10300,3306,33,3324,42,-2,-3
1015855,MRBTS-1015855/SMOD-1/SFP-2,RFEXT1_10G-5,FINISARCORP._FTLX1471D3BTL-AW,AUN1B6L,LC,1310,SingleMode,10300,3306,38,3259,42,-2,-3
1015855,MRBTS-1015855/RMOD-2/SFP-3,OPT_IF1-1,FINISAR CORP._FTLX1370W3BTL-AW.A,UV61ACX,LC,1310,NotSupported,10300,0,32,3315,49,-1,-2
1015855,MRBTS-1015855/RMOD-3/SFP-4,OPT_IF2-2,FINISAR CORP._FTLX1370W3BTL-AW.A,UV61S7N,LC,1310,NotSupported,10300,0,30,3317,46,-1,-1
1015855,MRBTS-1015855/RMOD-4/SFP-5,OPT_IF1-1,FINISAR CORP._FTLX1370W3BTL-AW.A,UV605K3,LC,1310,NotSupported,10300,0,32,3323,46,-1,-2
1015855,MRBTS-1015855/RMOD-2/SFP-6,OPT_IF2-2,FINISAR CORP._FTLX1370W3BTL-AW.A,UV61S7W,LC,1310,NotSupported,10300,0,30,3320,47,-1,-2
1015855,MRBTS-1015855/RMOD-3/SFP-7,OPT_IF1-1,FINISAR CORP._FTLX1471D3BTL-AW.A,AUN1BA0,LC,1310,SingleMode,10300,2347,31,3330,38,-1,-4
1015855,MRBTS-1015855/SMOD-1/SFP-3,RFEXT3_10G-7,FINISARCORP._FTLX1471D3BTL-AW,AUN10FC,LC,1310,SingleMode,10300,2347,36,3260,38,-2,-3
1015855,MRBTS-1015855/RMOD-5/SFP-8,OPT_IF2-2,FINISAR CORP._FTLX1370W3BTL-AW.A,UV60DTD,LC,1310,NotSupported,10300,0,30,3334,49,-1,-25
1015855,MRBTS-1015855/RMOD-4/SFP-9,OPT_IF2-2,,,,,,,,,,,,
1015855,MRBTS-1015855/RMOD-1/SFP-10,OPT_IF2-2,FINISAR CORP._FTLX1370W3BTL-AW.A,UV60A2A,LC,1310,NotSupported,10300,0,33,3320,49,-2,-1
4445,MRBTS-4445/EQM-1/APEQM-1/RMOD-3/SFP-1,OPT_IF1-1,FINISARCORP._FTLX1370W3BTL-NN,VF1434003CV    ,LC,1310,SingleMode,9800,99.000000,41,3340,48,-2,-4
4445,MRBTS-4445/EQM-1/APEQM-1/CABINET-1/SMOD-1/SFP-1,RFEXT5_10G-11,FINISARCORP._FTLX1370W3BTL-NN,VF1435000HG,LC,1310,SingleMode,9800,99.000000,42,3232,46,-1,-2
4445,MRBTS-4445/EQM-1/APEQM-1/RMOD-1/SFP-2,OPT_IF1-1,FINISARCORP._FTLX1370W3BTL-NN,VF1434003BH    ,LC,1310,SingleMode,9800,98.000000,38,3340,45,-1,-3
4445,MRBTS-4445/EQM-1/APEQM-1/CABINET-1/SMOD-1/SFP-2,RFEXT1_10G-7,FINISARCORP._FTLX1370W3BTL-NN,VF1435000HQ,LC,1310,SingleMode,9800,98.000000,43,3235,46,-1,-1
4445,MRBTS-4445/EQM-1/APEQM-1/RMOD-1/SFP-3,OPT_IF2-2,FINISARCORP._FTLX1370W3BTL-NN,VF1434003BY    ,LC,1310,SingleMode,9800,99.000000,40,3346,47,-1,-1
4445,MRBTS-4445/EQM-1/APEQM-1/CABINET-1/SMOD-1/SFP-3,RFEXT2-8,FINISARCORP._FTLX1370W3BTL-NN,VF1435000GM,LC,1310,SingleMode,9800,99.000000,39,3267,46,-1,-1
4445,MRBTS-4445/EQM-1/APEQM-1/RMOD-2/SFP-4,OPT_IF1-1,FINISARCORP._FTLX1370W3BTL-NN,VF1434003B1    ,LC,1310,SingleMode,9800,80.000000,42,3335,46,-2,-1
4445,MRBTS-4445/EQM-1/APEQM-1/CABINET-1/SMOD-1/SFP-4,RFEXT3_10G-9,FINISARCORP._FTLX1370W3BTL-NN,VF1435000H6,LC,1310,SingleMode,9800,80.000000,42,3230,46,-1,-2
4445,MRBTS-4445/EQM-1/APEQM-1/RMOD-2/SFP-5,OPT_IF2-2,FINISARCORP._FTLX1370W3BTL-NN,VF1434003BD    ,LC,1310,SingleMode,9800,80.000000,42,3360,46,-2,-1
4445,MRBTS-4445/EQM-1/APEQM-1/CABINET-1/SMOD-1/SFP-5,RFEXT4-10,FINISARCORP._FTLX1370W3BTL-NN,VF1435000H8,LC,1310,SingleMode,9800,80.000000,42,3259,44,-1,-2
4445,MRBTS-4445/EQM-1/APEQM-1/RMOD-3/SFP-6,OPT_IF2-8,FINISARCORP._FTLX1370W3BTL-NN,VF1434003CW    ,LC,1310,SingleMode,9800,99.000000,40,3362,48,-1,-2
4445,MRBTS-4445/EQM-1/APEQM-1/CABINET-1/SMOD-1/SFP-6,RFEXT6-12,FINISARCORP._FTLX1370W3BTL-NN,VF1435000HA,LC,1310,SingleMode,9800,99.000000,45,3234,46,-1,-3
4553,MRBTS-4553/EQM-1/APEQM-1/CABINET-1/SMOD-1/SFP-1,RF_EXT1-1,FINISARCORP._FTLX1370W3BTL-NN,VF1433002DJ,LC,1310,SingleMode,9800,NotSupported,49,3256,44,0,-24
4553,MRBTS-4553/EQM-1/APEQM-1/CABINET-1/SMOD-1/SFP-2,RF_EXT3-3,FINISARCORP._FTLX1370W3BTL-NN,VF1434003YM,LC,1310,SingleMode,9800,NotSupported,51,3254,48,-1,-24
4553,MRBTS-4553/EQM-1/APEQM-1/CABINET-1/SMOD-1/SFP-3,RF_EXT2-2,FINISARCORP._FTLX1370W3BTL-NN,VF1433008T7,LC,1310,SingleMode,9800,NotSupported,50,3259,49,-1,-23
4592,MRBTS-4592/EQM-1/APEQM-1/RMOD-1/SFP-1,OPT_IF1-1,SOURCEPHOTONICS_SPP8FLRIDFDSA2,U2142108365    ,LC,1310,SingleMode,6300,80.000000,30,3258,45,-2,-5
4592,MRBTS-4592/EQM-1/APEQM-1/CABINET-1/SMOD-1/SFP-1,RF_EXT1-1,SOURCEPHOTONICS_SPP8FLRIDFDSA2,U2140202724,LC,1310,SingleMode,6300,80.000000,46,3248,43,-4,-3
4446,MRBTS-4446/EQM-1/APEQM-1/RMOD-2/SFP-1,OPT_IF2-8,FINISARCORP._FTLF1326P3BTL-NN,VF1426000RY,LC,1310,SingleMode,6300,1280.000000,51,3295,50,-2,-9
4446,MRBTS-4446/EQM-1/APEQM-1/CABINET-1/SMOD-1/SFP-1,RFEXT3_10G-17,WTD_RTXM228-601,FR132401331,LC,1310,NotSupported,6100,1280.000000,43,3290,33,-2,-4
4446,MRBTS-4446/EQM-1/APEQM-1/RMOD-1/SFP-2,OPT_IF1-1,WTD_RTXM228-601,FR132401333,LC,1310,NotSupported,6100,1272.000000,60,3265,38,-3,-5
4446,MRBTS-4446/EQM-1/APEQM-1/CABINET-1/SMOD-1/SFP-2,RFEXT2-16,WTD_RTXM228-601,FR132401330,LC,1310,NotSupported,6100,1272.000000,43,3314,37,-3,-10
4446,MRBTS-4446/EQM-1/APEQM-1/RMOD-2/SFP-3,OPT_IF1-1,FINISARCORP._FTLF1326P3BTL-NN,VF1430006LD,LC,1310,SingleMode,6300,1281.000000,50,3283,51,-2,-5
4446,MRBTS-4446/EQM-1/APEQM-1/CABINET-1/SMOD-1/SFP-3,RFEXT4-18,WTD_RTXM228-601,FR132401327,LC,1310,NotSupported,6100,1281.000000,44,3309,33,-3,-9
4446,MRBTS-4446/EQM-1/APEQM-1/CABINET-1/BBMOD-1/SFP-1,RF3-3,FINISARCORP._FTLF1326P3BTL-NN,VF1427008W5,LC,1310,SingleMode,6300,NotSupported,40,3249,47,-2,-24
4446,MRBTS-4446/EQM-1/APEQM-1/CABINET-1/SMOD-1/SFP-4,RFEXT6-2,FINISARCORP._FTLF1326P3BTL-NN,VF1426001B5,LC,1310,SingleMode,6300,NotSupported,41,3307,48,-1,-22
4446,MRBTS-4446/EQM-1/APEQM-1/RMOD-1/SFP-4,OPT_IF3-8,FINISARCORP._FTLF1326P3BTL-NN,VF1428008C8,LC,1310,SingleMode,6300,NotSupported,31,3322,0,NotSupported,-22
4446,MRBTS-4446/EQM-1/APEQM-1/CABINET-1/SMOD-1/SFP-5,RFEXT5_10G-19,WTD_RTXM228-601,FR142519909,LC,1310,NotSupported,6100,NotSupported,44,3304,34,-3,-40
4446,MRBTS-4446/EQM-1/APEQM-1/CABINET-1/SMOD-1/SFP-6,RFEXT1_10G-15,WTD_RTXM228-601,FR132401328,LC,1310,NotSupported,6100,NotSupported,40,3314,34,-2,-40
4446,MRBTS-4446/EQM-1/APEQM-1/CABINET-1/BBMOD-1/SFP-2,RF4-4,FINISARCORP._FTLF1326P3BTL-NN,VF142600EUB,LC,1310,SingleMode,6300,NotSupported,44,3258,50,-1,-23
4446,MRBTS-4446/EQM-1/APEQM-1/RMOD-1/SFP-5,OPT_IF2-6,WTD_RTXM228-601,FR132401337,LC,1310,NotSupported,6100,1275.000000,51,3339,0,NotSupported,-22
4446,MRBTS-4446/EQM-1/APEQM-1/CABINET-1/BBMOD-1/SFP-3,RF1-1,WTD_RTXM228-601,FR132401335,LC,1310,NotSupported,6100,NotSupported,43,3309,0,NotSupported,-40
4446,MRBTS-4446/EQM-1/APEQM-1/CABINET-1/BBMOD-1/SFP-4,RF6_EIF5-6,FINISARCORP._FTLF1326P3BTL-NN,VF1427000ON,LC,1310,SingleMode,6300,NotSupported,38,3245,48,-1,-23
4446,MRBTS-4446/EQM-1/APEQM-1/RMOD-1/SFP-6,OPT_IF4-9,FINISARCORP._FTLF1326P3BTL-NN,VF142900FHQ,LC,1310,SingleMode,6300,NotSupported,32,3323,0,NotSupported,-24
4446,MRBTS-4446/EQM-1/APEQM-1/CABINET-1/BBMOD-1/SFP-5,RF5-5,FINISARCORP._FTLF1326P3BTL-NN,VF142600BXL,LC,1310,SingleMode,6300,NotSupported,46,3276,49,-2,-24
4446,MRBTS-4446/EQM-1/APEQM-1/CABINET-1/BBMOD-1/SFP-6,RF2-2,FINISARCORP._FTLF1326P3BTL-NN,VF1428001Y0,LC,1310,SingleMode,6300,NotSupported,39,3265,49,-2,-24
4248,MRBTS-4248/EQM-1/APEQM-1/RMOD-2/SFP-1,OPT_IF1-1,SOURCEPHOTONICS_SPP10ELRIDFPSA2,U2142605148    ,LC,1310,NotSupported,10300,0.000000,40,3287,39,-1,-6
4248,MRBTS-4248/EQM-1/APEQM-1/RMOD-1/SFP-2,OPT_IF2-2,SOURCEPHOTONICS_SPP10ELRIDFPSA2,U2142609137    ,LC,1310,NotSupported,10300,0.000000,37,3268,38,-2,-6
4248,MRBTS-4248/EQM-1/APEQM-1/RMOD-1/SFP-3,OPT_IF1-1,SOURCEPHOTONICS_SPP10ELRIDFPSA2,U2142606599    ,LC,1310,NotSupported,10300,712.000000,40,3249,38,-3,-13
4248,MRBTS-4248/EQM-1/APEQM-1/CABINET-1/SMOD-1/SFP-1,RFEXT1_10G-7,SOURCEPHOTONICS_SPP10ELRIDFPSA2,U2142603236,LC,1310,NotSupported,10300,712.000000,44,3258,39,-2,-7
4226,MRBTS-4226/EQM-1/APEQM-1/RMOD-1/SFP-1,OPT_IF1-1,WTD_RTXM228-702,FR161942647    ,LC,1310,NotSupported,10000,1612.000000,42,3223,41,-3,-8
4226,MRBTS-4226/EQM-1/APEQM-1/CABINET-1/SMOD-1/SFP-1,RFEXT1_10G-19,WTD_RTXM228-702,FR162025075,LC,1310,NotSupported,10000,1612.000000,39,3240,45,-3,-13
4297,MRBTS-4297/EQM-1/APEQM-1/RMOD-1/SFP-1,OPT_IF1-1,FINISARCORP._FTLX1370W3BTL-NN,VF1434000TZ    ,LC,1310,SingleMode,9800,649.000000,41,3300,45,-1,-4
4297,MRBTS-4297/EQM-1/APEQM-1/CABINET-1/SMOD-1/SFP-1,RFEXT1_10G-13,FINISARCORP._FTLX1370W3BTL-NN,VF143400B1J,LC,1310,SingleMode,9800,649.000000,47,3324,48,-2,-3
4297,MRBTS-4297/EQM-1/APEQM-1/RMOD-2/SFP-2,OPT_IF1-1,FINISARCORP._FTLX1370W3BTL-NN,VF1434000TP    ,LC,1310,SingleMode,9800,0.000000,44,3303,47,-1,-2
4297,MRBTS-4297/EQM-1/APEQM-1/RMOD-1/SFP-3,OPT_IF2-2,FINISARCORP._FTLX1370W3BTL-NN,VF1434000TT    ,LC,1310,SingleMode,9800,0.000000,41,3322,46,-1,-3
4297,MRBTS-4297/EQM-1/APEQM-1/RMOD-3/SFP-4,OPT_IF1-1,INNOLIGHT_TR-PX13C-V00,INDAS0043757   ,LC,1310,NotSupported,10300,0.000000,44,3262,39,-2,-5
4297,MRBTS-4297/EQM-1/APEQM-1/RMOD-2/SFP-5,OPT_IF2-2,FINISARCORP._FTLX1370W3BTL-NN,VF1434000SA    ,LC,1310,SingleMode,9800,0.000000,42,3297,47,-1,-12
4227,MRBTS-4227/EQM-1/APEQM-1/RMOD-1/SFP-1,OPT_IF1-1,FINISARCORP._FTLX1370W3BTL-NN,VF1433004FF    ,LC,1310,SingleMode,9800,2147.000000,40,3290,46,-1,-6
4227,MRBTS-4227/EQM-1/APEQM-1/CABINET-1/SMOD-1/SFP-1,RFEXT2-18,FINISARCORP._FTLF1326P3BTL-NN,VF140600238,LC,1310,SingleMode,6300,2147.000000,42,3288,48,-2,-5
4227,MRBTS-4227/EQM-1/APEQM-1/RMOD-2/SFP-2,OPT_IF1-1,FINISARCORP._FTLX1370W3BTL-NN,VF1433000VC    ,LC,1310,SingleMode,9800,2149.000000,41,3282,47,-1,-7
4227,MRBTS-4227/EQM-1/APEQM-1/CABINET-1/SMOD-1/SFP-2,RFEXT1_10G-17,FINISARCORP._FTLF1326P3BTL-NN,VF14060023I,LC,1310,SingleMode,6300,2149.000000,46,3297,47,-1,-5
5376,MRBTS-5376/EQM-1/APEQM-1/RMOD-5/SFP-1,OPT_IF1-1,FINISARCORP._FTLX1370W3BTL-NN,VF142100DNS    ,LC,1310,SingleMode,9800,223.000000,39,3342,45,-1,-2
5376,MRBTS-5376/EQM-1/APEQM-1/CABINET-1/SMOD-1/SFP-1,RFEXT3_10G-17,FINISARCORP._FTLX1370W3BTL-NN,VF142100DPL,LC,1310,SingleMode,9800,223.000000,43,3275,47,-1,-3
5376,MRBTS-5376/EQM-1/APEQM-1/RMOD-4/SFP-2,OPT_IF1-1,FINISARCORP._FTLX1370W3BTL-NN,VF14330022E    ,LC,1310,SingleMode,9800,223.000000,47,3347,46,-1,-1
5376,MRBTS-5376/EQM-1/APEQM-1/CABINET-1/SMOD-1/SFP-2,RFEXT1_10G-15,FINISARCORP._FTLX1370W3BTL-NN,VF143300656,LC,1310,SingleMode,9800,223.000000,39,3269,47,-1,-1
5376,MRBTS-5376/EQM-1/APEQM-1/RMOD-2/SFP-3,OPT_IF1-1,WTD_RTXM228-702,FR173417366,LC,1310,NotSupported,10000,220.000000,35,3295,40,-1,-2
5376,MRBTS-5376/EQM-1/APEQM-1/CABINET-1/BBMOD-1/SFP-1,RF3-3,HGGENUINE_MTRS-1E21-04,MB17350370092,LC,1310,NotSupported,9900,220.000000,32,3273,39,-1,-1
5376,MRBTS-5376/EQM-1/APEQM-1/RMOD-2/SFP-4,OPT_IF2-4,WTD_RTXM228-702,FR182042539,LC,1310,NotSupported,10000,250.000000,36,3321,45,-2,-4
5376,MRBTS-5376/EQM-1/APEQM-1/CABINET-1/BBMOD-2/SFP-2,RF3-3,WTD_RTXM228-702,FR182043259,LC,1310,NotSupported,10000,250.000000,34,3247,45,-2,-2
5376,MRBTS-5376/EQM-1/APEQM-1/RMOD-1/SFP-5,OPT_IF1-1,WTD_RTXM228-702,FR173417322,LC,1310,NotSupported,10000,220.000000,39,3273,43,-3,-3
5376,MRBTS-5376/EQM-1/APEQM-1/CABINET-1/BBMOD-1/SFP-3,RF1-1,WTD_RTXM228-702,FR173417368,LC,1310,NotSupported,10000,220.000000,33,3273,40,-2,-2
5376,MRBTS-5376/EQM-1/APEQM-1/RMOD-3/SFP-6,OPT_IF1-1,WTD_RTXM228-702,FR173417367,LC,1310,NotSupported,10000,221.000000,36,3262,42,-3,-3
5376,MRBTS-5376/EQM-1/APEQM-1/CABINET-1/BBMOD-1/SFP-4,RF5-5,WTD_RTXM228-702,FR173417323,LC,1310,NotSupported,10000,221.000000,34,3216,41,-2,-40
5376,MRBTS-5376/EQM-1/APEQM-1/RMOD-6/SFP-7,OPT_IF1-1,FINISARCORP._FTLX1370W3BTL-NN,VF142100DR4    ,LC,1310,SingleMode,9800,224.000000,41,3353,47,-1,-3
5376,MRBTS-5376/EQM-1/APEQM-1/CABINET-1/SMOD-1/SFP-3,RFEXT5_10G-19,FINISARCORP._FTLX1370W3BTL-NN,VF14330064D,LC,1310,SingleMode,9800,224.000000,38,3270,46,-1,0
5376,MRBTS-5376/EQM-1/APEQM-1/RMOD-6/SFP-8,OPT_IF2-7,FINISARCORP._FTLX1370W3BTL-NN,VF143300647    ,LC,1310,SingleMode,9800,0.000000,40,3361,47,-1,-25
5376,MRBTS-5376/EQM-1/APEQM-1/CABINET-1/SMOD-1/SFP-4,RFEXT2-16,FINISARCORP._FTLX1370W3BTL-NN,VF14330022W,LC,1310,SingleMode,9800,NotSupported,28,3307,0,NotSupported,-5
5376,MRBTS-5376/EQM-1/APEQM-1/RMOD-5/SFP-9,OPT_IF2-7,FINISARCORP._FTLX1370W3BTL-NN,VF142100DOS    ,LC,1310,SingleMode,9800,0.000000,42,3357,46,-1,-25
5376,MRBTS-5376/EQM-1/APEQM-1/RMOD-4/SFP-10,OPT_IF2-7,FINISARCORP._FTLX1370W3BTL-NN,VF142100DRD    ,LC,1310,SingleMode,9800,0.000000,46,3353,47,-1,-27
5376,MRBTS-5376/EQM-1/APEQM-1/CABINET-1/SMOD-1/SFP-5,RFEXT6-2,FINISARCORP._FTLX1370W3BTL-NN,VF14330065M,LC,1310,SingleMode,9800,NotSupported,25,3284,0,-23,-1
5376,MRBTS-5376/EQM-1/APEQM-1/CABINET-1/SMOD-1/SFP-6,RFEXT4-18,FINISARCORP._FTLX1370W3BTL-NN,VF142100DQ0,LC,1310,SingleMode,9800,NotSupported,29,3284,0,NotSupported,-2
5377,MRBTS-5377/EQM-1/APEQM-1/RMOD-2/SFP-1,OPT_IF1-1,SOURCEPHOTONICS_SPP10ELRIDFPSA2,U2142604645    ,LC,1310,NotSupported,10300,62.000000,34,3291,39,-2,-5
5377,MRBTS-5377/EQM-1/APEQM-1/CABINET-1/BBMOD-1/SFP-1,RF3-3,WTD_RTXM228-702,FR170324329,LC,1310,NotSupported,10000,62.000000,33,3243,40,-3,-2
5377,MRBTS-5377/EQM-1/APEQM-1/RMOD-2/SFP-2,OPT_IF2-2,SOURCEPHOTONICS_SPP10ELRIDFPSA2,U2142609373    ,LC,1310,NotSupported,10300,0.000000,37,3334,38,-3,-4
5377,MRBTS-5377/EQM-1/APEQM-1/CABINET-1/SMOD-1/SFP-1,RFEXT3_10G-15,SOURCEPHOTONICS_SPP10ELRIDFPSA2,U2142106822,LC,1310,NotSupported,10300,0.000000,37,3310,37,-3,-5
5377,MRBTS-5377/EQM-1/APEQM-1/RMOD-3/SFP-3,OPT_IF2-2,SOURCEPHOTONICS_SPP10ELRIDFPSA2,U2142604944    ,LC,1310,NotSupported,10300,0.000000,33,3325,38,-3,-3
5377,MRBTS-5377/EQM-1/APEQM-1/CABINET-1/SMOD-1/SFP-2,RFEXT5_10G-17,SOURCEPHOTONICS_SPP10ELRIDFPSA2,U2142103669,LC,1310,NotSupported,10300,0.000000,36,3282,37,-2,-3
5377,MRBTS-5377/EQM-1/APEQM-1/RMOD-1/SFP-4,OPT_IF1-1,SOURCEPHOTONICS_SPP10ELRIDFPSA2,U2142607475    ,LC,1310,NotSupported,10300,62.000000,34,3310,40,-3,-2
5377,MRBTS-5377/EQM-1/APEQM-1/CABINET-1/SMOD-1/SFP-3,RFEXT1_10G-13,SOURCEPHOTONICS_SPP10ELRIDFPSA2,U2142107950,LC,1310,NotSupported,10300,62.000000,32,3277,38,-3,-3
5377,MRBTS-5377/EQM-1/APEQM-1/RMOD-3/SFP-5,OPT_IF1-1,SOURCEPHOTONICS_SPP10ELRIDFPSA2,U2142603382    ,LC,1310,NotSupported,10300,62.000000,36,3344,38,-2,-3
5377,MRBTS-5377/EQM-1/APEQM-1/CABINET-1/BBMOD-1/SFP-2,RF5-5,WTD_RTXM228-702,FR181520659,LC,1310,NotSupported,10000,62.000000,34,3259,42,-1,-2
5377,MRBTS-5377/EQM-1/APEQM-1/RMOD-1/SFP-6,OPT_IF2-5,SOURCEPHOTONICS_SPP10ELRIDFPSA2,U2142609418    ,LC,1310,NotSupported,10300,0.000000,35,3306,38,-2,NotSupported
4374,MRBTS-4374/EQM-1/APEQM-1/RMOD-1/SFP-1,OPT_IF1-1,SOURCEPHOTONICS_SPP10ELRIDFPAW.10,14--HL33010822,LC,1310,NotSupported,10300,220.000000,21,3292,36,-3,-8
4374,MRBTS-4374/EQM-1/APEQM-1/CABINET-1/SMOD-1/SFP-1,RFEXT1_10G-3,SOURCEPHOTONICS_SPP10ELRIDFPAW,14--HL33012199,LC,1310,NotSupported,10300,220.000000,33,3253,37,-2,-5
4374,MRBTS-4374/EQM-1/APEQM-1/RMOD-2/SFP-2,OPT_IF1-1,FINISAR CORP._FTLX1370W3BTL-AW.A,URG17V5,LC,1310,NotSupported,9800,220.000000,30,3322,44,-1,-1
4374,MRBTS-4374/EQM-1/APEQM-1/CABINET-1/SMOD-1/SFP-2,RFEXT3_10G-5,FINISARCORP._FTLX1370W3BTL-AW,URC14C7,LC,1310,NotSupported,9800,220.000000,41,3290,47,-1,-2
4374,MRBTS-4374/EQM-1/APEQM-1/RMOD-3/SFP-3,OPT_IF1-1,FINISAR CORP._FTLX1370W3BTL-AW.A,URG181D,LC,1310,NotSupported,9800,220.000000,20,3318,44,-1,-3
4374,MRBTS-4374/EQM-1/APEQM-1/CABINET-1/SMOD-1/SFP-3,RFEXT5_10G-7,SOURCEPHOTONICS_SPP10ELRIDFPAW,14--HL33012227,LC,1310,NotSupported,10300,220.000000,32,3220,38,-2,-3
4382,MRBTS-4382/EQM-1/APEQM-1/RMOD-4/SFP-1,OPT_IF1-1,FINISAR CORP._FTLX1370W3BTL-AW.A,URG1K8M,LC,1310,NotSupported,9800,220.000000,28,3316,45,-1,-4
4382,MRBTS-4382/EQM-1/APEQM-1/CABINET-1/BBMOD-1/SFP-1,RF1-1,WTD_RTXM228-702,FR164302752,LC,1310,NotSupported,10000,220.000000,44,3216,43,-4,-2
4382,MRBTS-4382/EQM-1/APEQM-1/RMOD-5/SFP-2,OPT_IF1-1,SOURCEPHOTONICS_SPP10ELRIDFPAW.10,14--HL33011300,LC,1310,NotSupported,10300,221.000000,28,3278,38,-3,-4
4382,MRBTS-4382/EQM-1/APEQM-1/CABINET-1/BBMOD-1/SFP-2,RF3-3,WTD_RTXM228-702,FR164319752,LC,1310,NotSupported,10000,221.000000,44,3181,44,-4,-3
4382,MRBTS-4382/EQM-1/APEQM-1/RMOD-2/SFP-3,OPT_IF1-1,WTD_RTXM228-702,FR164222934,LC,1310,NotSupported,10000,249.000000,30,3285,40,-4,-4
4382,MRBTS-4382/EQM-1/APEQM-1/CABINET-1/SMOD-1/SFP-1,RFEXT3_10G-9,HGGENUINE_MTRS-1E21-01,MA16420310172,LC,1310,NotSupported,9900,249.000000,39,3245,48,-3,-6
4382,MRBTS-4382/EQM-1/APEQM-1/RMOD-3/SFP-4,OPT_IF1-1,WTD_RTXM228-702,FR164302416,LC,1310,NotSupported,10000,250.000000,36,3297,44,-4,-4
4382,MRBTS-4382/EQM-1/APEQM-1/CABINET-1/SMOD-1/SFP-2,RFEXT5_10G-11,WTD_RTXM228-702,FR161726586,LC,1310,NotSupported,10000,250.000000,41,3171,43,-3,-4
4382,MRBTS-4382/EQM-1/APEQM-1/RMOD-6/SFP-5,OPT_IF1-1,SOURCEPHOTONICS_SPP10ELRIDFPAW.10,14--HL33010950,LC,1310,NotSupported,10300,219.000000,34,3273,38,-3,-5
4382,MRBTS-4382/EQM-1/APEQM-1/CABINET-1/BBMOD-1/SFP-3,RF5-5,WTD_RTXM228-702,FR164221606,LC,1310,NotSupported,10000,219.000000,44,3204,42,-4,-3
4382,MRBTS-4382/EQM-1/APEQM-1/RMOD-1/SFP-6,OPT_IF1-1,WTD_RTXM228-702,FR164303259,LC,1310,NotSupported,10000,250.000000,33,3304,42,-3,-3
4382,MRBTS-4382/EQM-1/APEQM-1/CABINET-1/SMOD-1/SFP-3,RFEXT1_10G-7,HGGENUINE_MTRS-1E21-01,MA16420310978,LC,1310,NotSupported,9900,250.000000,38,3254,45,-3,-3
924695,MRBTS-924695/EQM-1/APEQM-1/RMOD-1/SFP-1,OPT_IF1-1,SOURCEPHOTONICS_SPP10ELRIDFPSA2,U2162002589,LC,1310,NotSupported,10300,535.000000,41,3329,38,-1,-3
924695,MRBTS-924695/EQM-1/APEQM-1/CABINET-1/SMOD-1/SFP-1,RFEXT1_10G-17,SOURCEPHOTONICS_SPP10ELRIDFPSA2,U2162002708,LC,1310,NotSupported,10300,535.000000,40,3253,38,-2,-3
924695,MRBTS-924695/EQM-1/APEQM-1/RMOD-2/SFP-2,OPT_IF1-1,SOURCEPHOTONICS_SPP10ELRIDFPSA2,U2161903235,LC,1310,NotSupported,10300,535.000000,42,3296,38,-3,-7
924695,MRBTS-924695/EQM-1/APEQM-1/CABINET-1/SMOD-1/SFP-2,RFEXT3_10G-19,HGGENUINE_MTRS-1E21-01,MB16020591669,LC,1310,NotSupported,9900,535.000000,38,3250,45,-5,-3
924695,MRBTS-924695/EQM-1/APEQM-1/RMOD-3/SFP-3,OPT_IF1-1,SOURCEPHOTONICS_SPP10ELRIDFPSA2,U2162002508,LC,1310,NotSupported,10300,536.000000,43,3315,39,-2,-7
924695,MRBTS-924695/EQM-1/APEQM-1/CABINET-1/SMOD-1/SFP-3,RFEXT5_10G-3,SOURCEPHOTONICS_SPP10ELRIDFPSA2,U2162002549,LC,1310,NotSupported,10300,536.000000,40,3244,38,-3,-4
4353,MRBTS-4353/EQM-1/APEQM-1/RMOD-1/SFP-1,OPT_IF1-1,FINISAR CORP._FTLX1370W3BTL-AW.A,URC16EP,LC,1310,NotSupported,9800,221.000000,45,3304,48,-2,-1
4353,MRBTS-4353/EQM-1/APEQM-1/CABINET-1/SMOD-1/SFP-1,RFEXT3_10G-17,FINISARCORP._FTLX1370W3BTL-AW,URC0W1N,LC,1310,NotSupported,9800,221.000000,41,3301,51,-1,-7
4353,MRBTS-4353/EQM-1/APEQM-1/RMOD-2/SFP-2,OPT_IF2-8,FINISAR CORP._FTLX1370W3BTL-AW.A,UT81A91,LC,1310,NotSupported,9800,220.000000,41,3301,48,-1,-1
4353,MRBTS-4353/EQM-1/APEQM-1/CABINET-1/SMOD-1/SFP-2,RFEXT5_10G-19,FINISARCORP._FTLX1370W3BTL-AW,UT81A8N,LC,1310,NotSupported,9800,220.000000,36,3291,48,-1,-1
4353,MRBTS-4353/EQM-1/APEQM-1/RMOD-2/SFP-3,OPT_IF1-1,FINISAR CORP._FTLX1370W3BTL-AW.A,URC149E,LC,1310,NotSupported,9800,221.000000,42,3311,47,-1,-2
4353,MRBTS-4353/EQM-1/APEQM-1/CABINET-1/BBMOD-1/SFP-1,RF1-1,SOURCEPHOTONICS_SPP10ELRIDFPAW,14--HL33010522,LC,1310,NotSupported,10300,221.000000,37,3253,38,-2,-2
4353,MRBTS-4353/EQM-1/APEQM-1/RMOD-1/SFP-4,OPT_IF2-8,FINISAR CORP._FTLX1370W3BTL-AW.A,UT81AD3,LC,1310,NotSupported,9800,220.000000,41,3310,48,-2,-2
4353,MRBTS-4353/EQM-1/APEQM-1/CABINET-1/SMOD-1/SFP-3,RFEXT1_10G-15,FINISARCORP._FTLX1370W3BTL-AW,UT80VS6,LC,1310,NotSupported,9800,220.000000,40,3292,47,-1,-2
4353,MRBTS-4353/EQM-1/APEQM-1/RMOD-3/SFP-5,OPT_IF2-8,FINISAR CORP._FTLX1370W3BTL-AW.A,UT80VHQ,LC,1310,NotSupported,9800,231.000000,45,3306,47,-1,-3
4353,MRBTS-4353/EQM-1/APEQM-1/CABINET-1/BBMOD-1/SFP-2,RF3-3,FINISARCORP._FTLX1370W3BTL-AW,UT80WRJ,LC,1310,NotSupported,9800,231.000000,39,3276,47,-2,-2
4353,MRBTS-4353/EQM-1/APEQM-1/RMOD-3/SFP-6,OPT_IF1-1,FINISAR CORP._FTLX1370W3BTL-AW.A,URF0XTL,LC,1310,NotSupported,9800,220.000000,46,3315,47,-1,0
4353,MRBTS-4353/EQM-1/APEQM-1/CABINET-1/BBMOD-1/SFP-3,RF5-5,FINISARCORP._FTLX1370W3BTL-AW,URG1804,LC,1310,NotSupported,9800,220.000000,40,3281,45,-1,-1
4608,MRBTS-4608/EQM-1/APEQM-1/RMOD-3/SFP-1,OPT_IF1-1,WTD_RTXM228-702-AW.1.0,AL1525005503,LC,1310,NotSupported,10000,219.000000,22,3262,41,-3,-2
4608,MRBTS-4608/EQM-1/APEQM-1/CABINET-1/SMOD-1/SFP-1,RFEXT5_10G-15,FINISARCORP._FTLX1370W3BTL-AW,UQB0EL6,LC,1310,NotSupported,9800,219.000000,37,3274,47,-1,-3
4608,MRBTS-4608/EQM-1/APEQM-1/RMOD-2/SFP-2,OPT_IF1-1,WTD_RTXM228-702.1.0,FR173311400,LC,1310,NotSupported,10000,221.000000,22,3281,39,-2,-3
4608,MRBTS-4608/EQM-1/APEQM-1/CABINET-1/SMOD-1/SFP-2,RFEXT3_10G-13,WTD_RTXM228-702-AW,AL1525002586,LC,1310,NotSupported,10000,221.000000,36,3207,43,-3,-2
4608,MRBTS-4608/EQM-1/APEQM-1/RMOD-1/SFP-3,OPT_IF1-1,WTD_RTXM228-702.1.0,FR173312216,LC,1310,NotSupported,10000,221.000000,24,3274,37,-2,-4
4608,MRBTS-4608/EQM-1/APEQM-1/CABINET-1/SMOD-1/SFP-3,RFEXT1_10G-11,WTD_RTXM228-702-AW,AL1525003032,LC,1310,NotSupported,10000,221.000000,34,3243,41,-3,-3
4613,MRBTS-4613/EQM-1/APEQM-1/RMOD-6/SFP-1,OPT_IF1-1,HGGENUINE_MTRS-1E21-04,MB18140972158,LC,1310,NotSupported,9900,201.000000,37,3316,43,-2,-2
4613,MRBTS-4613/EQM-1/APEQM-1/CABINET-1/BBMOD-2/SFP-1,RF5-5,HGGENUINE_MTRS-1E21-04,MB18150131090,LC,1310,NotSupported,9900,201.000000,38,3269,45,-1,-4
4613,MRBTS-4613/EQM-1/APEQM-1/RMOD-2/SFP-2,OPT_IF1-1,HGGENUINE_MTRS-1E21-04,MB18140970991,LC,1310,NotSupported,9900,201.000000,37,3307,46,-2,-2
4613,MRBTS-4613/EQM-1/APEQM-1/CABINET-1/SMOD-1/SFP-1,RFEXT5_10G-7,HGGENUINE_MTRS-1E21-04,MB18140972213,LC,1310,NotSupported,9900,201.000000,40,3250,45,-2,-4
4613,MRBTS-4613/EQM-1/APEQM-1/RMOD-4/SFP-3,OPT_IF1-1,HGGENUINE_MTRS-1E21-04,MB18150130823,LC,1310,NotSupported,9900,201.000000,33,3321,45,-2,-3
4613,MRBTS-4613/EQM-1/APEQM-1/CABINET-1/BBMOD-1/SFP-2,RF5-5,HGGENUINE_MTRS-1E21-04,MB18140972183,LC,1310,NotSupported,9900,201.000000,38,3245,45,-2,-3
4613,MRBTS-4613/EQM-1/APEQM-1/RMOD-1/SFP-4,OPT_IF1-1,HGGENUINE_MTRS-1E21-04,MB18140972266,LC,1310,NotSupported,9900,201.000000,33,3312,44,-3,-3
4613,MRBTS-4613/EQM-1/APEQM-1/CABINET-1/SMOD-1/SFP-2,RFEXT1_10G-3,HGGENUINE_MTRS-1E21-04,MB18140972267,LC,1310,NotSupported,9900,201.000000,40,3254,45,-2,-5
4613,MRBTS-4613/EQM-1/APEQM-1/RMOD-3/SFP-5,OPT_IF1-1,HGGENUINE_MTRS-1E21-04,MB18140972076,LC,1310,NotSupported,9900,235.000000,39,3297,44,-2,-7
4613,MRBTS-4613/EQM-1/APEQM-1/CABINET-1/BBMOD-1/SFP-3,RF1-1,HGGENUINE_MTRS-1E21-04,MB18140972162,LC,1310,NotSupported,9900,235.000000,38,3240,45,-2,-2
4613,MRBTS-4613/EQM-1/APEQM-1/RMOD-5/SFP-6,OPT_IF1-1,HGGENUINE_MTRS-1E21-04,MB18451240416,LC,1310,NotSupported,9900,234.000000,33,3297,45,-2,-3
4613,MRBTS-4613/EQM-1/APEQM-1/CABINET-1/BBMOD-2/SFP-4,RF1-1,HGGENUINE_MTRS-1E21-04,MB18140972188,LC,1310,NotSupported,9900,234.000000,37,3273,45,-2,-2
4259,MRBTS-4259/EQM-1/APEQM-1/RMOD-2/SFP-1,OPT_IF1-1,WTD_RTXM228-601,FR142222476    ,LC,1310,NotSupported,6100,60.000000,43,3250,35,-3,-2
4259,MRBTS-4259/EQM-1/APEQM-1/CABINET-1/SMOD-1/SFP-1,RF_EXT2-2,WTD_RTXM228-601,FR142308856,LC,1310,NotSupported,6100,60.000000,54,3270,38,-2,-3
4259,MRBTS-4259/EQM-1/APEQM-1/RMOD-1/SFP-2,OPT_IF1-1,WTD_RTXM228-601,FR142321753    ,LC,1310,NotSupported,6100,69.000000,45,3260,39,-3,-3
4259,MRBTS-4259/EQM-1/APEQM-1/CABINET-1/SMOD-1/SFP-2,RF_EXT1-1,WTD_RTXM228-601,FR142309262,LC,1310,NotSupported,6100,69.000000,53,3240,35,-2,-3
