mrbts_id,ip,dn,linktype,linkspeed,moduleTemperature,TXSupplyVoltage,TXBiasCurrent,TXPower,RXOpticalPower,connectorType,serialNumber,vendorPartNumber,waveLength,transmissionRate,transmissionMode
117851,100.105.151.21,RMOD_R-1/SFP_R-1 (OPT_IF1),RP3_01Link,Obsai6Gbps,41,3321,34,0.469,0.495,LC,MA18230070160,HGGENUINE_MTRS-6E21-01,1310,6200,
117851,100.105.151.21,BBMOD_R-1/SFP_R-1 (RF3),RP3_01Link,Obsai6Gbps,37,3157,35,mW,mW,LC,FR172909374,WTD_RTXM228-601,1310,6100,
117851,100.105.151.21,RMOD_R-1/SFP_R-2 (OPT_IF2),RP3_01Link,Obsai6Gbps,40,3331,34,0.471,0.608,LC,MA18230072341,HGGENUINE_MTRS-6E21-01,1310,6200,
117851,100.105.151.21,BBMOD_R-1/SFP_R-3 (RF4),RP3_01Link,Obsai6Gbps,36,3182,36,mW,mW,LC,FR172908864,WTD_RTXM228-601,1310,6100,
117851,100.105.151.21,RMOD_R-2/SFP_R-1 (OPT_IF1),RP3_01Link,Obsai6Gbps,41,3307,34,0.6,0.352,LC,MA18230070602,HGGENUINE_MTRS-6E21-01,1310,6200,
117851,100.105.151.21,BBMOD_R-1/SFP_R-2 (RF1),RP3_01Link,Obsai6Gbps,37,3172,36,mW,mW,LC,FR172909375,WTD_RTXM228-601,1310,6100,
117851,100.105.151.21,RMOD_R-2/SFP_R-2 (OPT_IF2),RP3_01Link,Obsai6Gbps,41,3307,33,0.548,0.583,LC,MA18230070209,HGGENUINE_MTRS-6E21-01,1310,6200,
117851,100.105.151.21,BBMOD_R-1/SFP_R-4 (RF2),RP3_01Link,Obsai6Gbps,37,3172,37,mW,mW,LC,FR172909355,WTD_RTXM228-601,1310,6100,
117852,10.150.8.125,RMOD_R-1/SFP_R-1 (OPT_IF1),RP3_01Link,Obsai6Gbps,55,3329,39,0.568,0.477,LC,FR182006672,WTD_RTXM228-601,1310,6100,
117852,10.150.8.125,BBMOD_R-1/SFP_R-2 (RF3),RP3_01Link,Obsai6Gbps,37,3162,37,mW,mW,LC,FR180602975,WTD_RTXM228-601,1310,6100,
117852,10.150.8.125,RMOD_R-1/SFP_R-2 (OPT_IF2),RP3_01Link,Obsai6Gbps,56,3295,40,0.624,0.692,LC,FR180602982,WTD_RTXM228-601,1310,6100,
117852,10.150.8.125,BBMOD_R-1/SFP_R-1 (RF4),RP3_01Link,Obsai6Gbps,37,3172,38,mW,mW,LC,FR182006673,WTD_RTXM228-601,1310,6100,
117852,10.150.8.125,RMOD_R-2/SFP_R-1 (OPT_IF1),RP3_01Link,Obsai6Gbps,56,3334,37,0.511,0.441,LC,FR180602976,WTD_RTXM228-601,1310,6100,
117852,10.150.8.125,BBMOD_R-1/SFP_R-4 (RF1),RP3_01Link,Obsai6Gbps,37,3182,38,mW,mW,LC,FR182005696,WTD_RTXM228-601,1310,6100,
117852,10.150.8.125,RMOD_R-2/SFP_R-2 (OPT_IF2),RP3_01Link,Obsai6Gbps,58,3295,38,0.634,0.575,LC,FR182005698,WTD_RTXM228-601,1310,6100,
117852,10.150.8.125,BBMOD_R-1/SFP_R-3 (RF2),RP3_01Link,Obsai6Gbps,35,3211,39,mW,mW,LC,FR180602977,WTD_RTXM228-601,1310,6100,
117918,100.105.151.161,RMOD_R-1/SFP_R-1 (OPT_IF1),RP3_01Link,Obsai6Gbps,45,3304,37,-2.09,-2.541,LC,FR182601320,WTD_RTXM228-601,1310,6100,
117918,100.105.151.161,BBMOD_R-1/SFP_R-1 (RF1),RP3_01Link,Obsai6Gbps,32,3191,33,-2.518,-2.967,LC,FR182601319,WTD_RTXM228-601,1310,6100,
117918,100.105.151.161,RMOD_R-2/SFP_R-1 (OPT_IF1),RP3_01Link,Obsai6Gbps,48,3324,37,-2.612,-3.655,LC,FR182601322,WTD_RTXM228-601,1310,6100,
117918,100.105.151.161,BBMOD_R-1/SFP_R-2 (RF2),RP3_01Link,Obsai6Gbps,31,3221,35,-2.993,-2.684,LC,FR182601323,WTD_RTXM228-601,1310,6100,
117918,100.105.151.161,RMOD_R-3/SFP_R-1 (OPT_IF1),RP3_01Link,Obsai6Gbps,39,3324,38,-2.916,-2.976,LC,FR182601318,WTD_RTXM228-601,1310,6100,
117918,100.105.151.161,BBMOD_R-1/SFP_R-3 (RF3),RP3_01Link,Obsai6Gbps,32,3221,35,-3.27,-3.134,LC,FR182601321,WTD_RTXM228-601,1310,6100,
117957,10.150.9.13,RMOD_R-1/SFP_R-1 (OPT_IF1),CPRILink,Cpri7,34,3281,40,-2.168,-2.373,LC,AC1905A0516,Hisense_LTF1303-AW1,1310,9800,
117957,10.150.9.13,BBMOD_R-1/SFP_R-1 (RF2),CPRILink,Cpri7,41,3187,43,-2.336,-2.534,LC,AC1905A0977,Hisense_LTF1303-AW1,1310,9800,
117957,10.150.9.13,RMOD_R-2/SFP_R-1 (OPT_IF1),CPRILink,Cpri7,37,3311,43,-2.248,-1.858,LC,AC1905A0207,Hisense_LTF1303-AW1,1310,9800,
117957,10.150.9.13,BBMOD_R-1/SFP_R-3 (RF1),CPRILink,Cpri7,39,3207,41,-1.746,-1.952,LC,AC1905A0514,Hisense_LTF1303-AW1,1310,9800,
117957,10.150.9.13,RMOD_R-3/SFP_R-1 (OPT_IF1),CPRILink,Cpri7,34,3295,41,-1.409,-4.461,LC,AC1905A0903,Hisense_LTF1303-AW1,1310,9800,
117957,10.150.9.13,BBMOD_R-1/SFP_R-2 (RF3),CPRILink,Cpri7,39,3195,43,-1.669,-2.396,LC,AC1905A0115,Hisense_LTF1303-AW1,1310,9800,
593160,10.150.243.71,RMOD_R-1/SFP_R-1 (OPT_IF1),RP3_01Link,Obsai6Gbps,36,3283,34,-3.307,-4.535,LC,EA18461210430,HGGENUINE_MTRS-6E21-01,1310,6200,
593160,10.150.243.71,BBMOD_R-1/SFP_R-2 (RF2),RP3_01Link,Obsai6Gbps,35,3235,32,-3.17,-3.788,LC,EA18461210431,HGGENUINE_MTRS-6E21-01,1310,6200,
593160,10.150.243.71,RMOD_R-2/SFP_R-1 (OPT_IF1),RP3_01Link,Obsai6Gbps,50,3264,45,-3.288,-4.353,LC,EA18461210435,HGGENUINE_MTRS-6E21-01,1310,6200,
593160,10.150.243.71,BBMOD_R-1/SFP_R-1 (RF1),RP3_01Link,Obsai6Gbps,37,3226,38,-3.261,-3.335,LC,EA18461210463,HGGENUINE_MTRS-6E21-01,1310,6200,
593162,10.150.243.73,RMOD_R-1/SFP_R-1 (OPT_IF1),CPRILink,Cpri7,33,3292,38,-1.53,-2.048,LC,AC1844A1814,Hisense_LTF1303-AW1,1310,9800,
593162,10.150.243.73,BBMOD_R-1/SFP_R-3 (RF2),CPRILink,Cpri7,36,3197,41,-1.451,-1.878,LC,AC1843A1378,Hisense_LTF1303-AW1,1310,9800,
593162,10.150.243.73,RMOD_R-2/SFP_R-1 (OPT_IF1),CPRILink,Cpri7,37,3319,42,-1.838,-1.439,LC,AC1843A1049,Hisense_LTF1303-AW1,1310,9800,
593162,10.150.243.73,BBMOD_R-1/SFP_R-1 (RF1),CPRILink,Cpri7,34,3203,41,-1.325,-2.495,LC,AC1844A1452,Hisense_LTF1303-AW1,1310,9800,
593162,10.150.243.73,RMOD_R-3/SFP_R-1 (OPT_IF1),CPRILink,Cpri7,31,3304,39,-0.799,-5.622,LC,AC1844A1969,Hisense_LTF1303-AW1,1310,9800,
593162,10.150.243.73,BBMOD_R-1/SFP_R-2 (RF3),CPRILink,Cpri7,32,3211,40,-1.818,-2.426,LC,AC1844A1593,Hisense_LTF1303-AW1,1310,9800,
593172,10.150.243.84,RMOD_R-1/SFP_R-1 (OPT_IF1),CPRILink,Cpri7,33,3293,45,-3.107,-3.747,LC,MB19030110185,HGGENUINE_MTRS-1E21-04,1310,9900,
593172,10.150.243.84,BBMOD_R-1/SFP_R-3 (RF2),CPRILink,Cpri7,40,3192,44,-2.865,-4.225,LC,MB19030110640,HGGENUINE_MTRS-1E21-04,1310,9900,
593172,10.150.243.84,RMOD_R-2/SFP_R-1 (OPT_IF1),CPRILink,Cpri7,31,3288,44,-2.487,-4.597,LC,MB19030110512,HGGENUINE_MTRS-1E21-04,1310,9900,
593172,10.150.243.84,BBMOD_R-1/SFP_R-2 (RF3),CPRILink,Cpri7,39,3197,46,-4.112,-2.51,LC,MB19030110437,HGGENUINE_MTRS-1E21-04,1310,9900,
593172,10.150.243.84,RMOD_R-3/SFP_R-1 (OPT_IF1),CPRILink,Cpri7,27,3307,42,-2.418,-3.298,LC,MB19030110114,HGGENUINE_MTRS-1E21-04,1310,9900,
593172,10.150.243.84,BBMOD_R-1/SFP_R-1 (RF1),CPRILink,Cpri7,40,3192,45,-3.316,-2.933,LC,MB19030111052,HGGENUINE_MTRS-1E21-04,1310,9900,
593223,10.150.243.116,RMOD_R-1/SFP_R-1 (OPT_IF1),CPRILink,Cpri7,29,3312,44,-2.628,-3.279,LC,MB18450132337,HGGENUINE_MTRS-1E21-04,1310,9900,
593223,10.150.243.116,BBMOD_R-1/SFP_R-2 (RF3),CPRILink,Cpri7,32,3207,44,-2.351,-3.045,LC,MB18470141956,HGGENUINE_MTRS-1E21-04,1310,9900,
593223,10.150.243.116,RMOD_R-2/SFP_R-1 (OPT_IF1),CPRILink,Cpri7,28,3302,45,-0.985,-1.669,LC,MB18450130270,HGGENUINE_MTRS-1E21-04,1310,9900,
593223,10.150.243.116,BBMOD_R-1/SFP_R-3 (RF1),CPRILink,Cpri7,33,3202,45,-1.403,-1.778,LC,MB18470140177,HGGENUINE_MTRS-1E21-04,1310,9900,
593223,10.150.243.116,RMOD_R-3/SFP_R-1 (OPT_IF1),CPRILink,Cpri7,31,3316,44,-1.469,-2.757,LC,MB18450130668,HGGENUINE_MTRS-1E21-04,1310,9900,
593223,10.150.243.116,BBMOD_R-1/SFP_R-1 (RF2),CPRILink,Cpri7,34,3207,46,-1.726,-2.403,LC,MB18470142852,HGGENUINE_MTRS-1E21-04,1310,9900,
593241,10.150.243.138,RMOD_R-1/SFP_R-1 (OPT_IF1),CPRILink,Cpri7,33,3321,41,-1.073,-2.007,LC,MB18470140184,HGGENUINE_MTRS-1E21-04,1310,9900,
593241,10.150.243.138,BBMOD_R-1/SFP_R-2 (RF2),CPRILink,Cpri7,36,3212,45,-1.073,-2.857,LC,MB18470140535,HGGENUINE_MTRS-1E21-04,1310,9900,
593241,10.150.243.138,RMOD_R-2/SFP_R-1 (OPT_IF1),CPRILink,Cpri7,32,3321,38,-0.969,-3.152,LC,MB18470140572,HGGENUINE_MTRS-1E21-04,1310,9900,
593241,10.150.243.138,BBMOD_R-1/SFP_R-1 (RF3),CPRILink,Cpri7,36,3216,45,-1.891,-2.716,LC,MB18470141588,HGGENUINE_MTRS-1E21-04,1310,9900,
593241,10.150.243.138,RMOD_R-3/SFP_R-1 (OPT_IF1),CPRILink,Cpri7,31,3302,45,-1.062,-2.403,LC,MB18450350646,HGGENUINE_MTRS-1E21-04,1310,9900,
593241,10.150.243.138,BBMOD_R-1/SFP_R-3 (RF1),CPRILink,Cpri7,34,3231,38,-1.113,-2.373,LC,MB18470140229,HGGENUINE_MTRS-1E21-04,1310,9900,
593244,10.150.243.141,RMOD_R-1/SFP_R-1 (OPT_IF1),CPRILink,Cpri7,34,3316,45,-1.073,-3.188,LC,MB18460342778,HGGENUINE_MTRS-1E21-04,1310,9900,
593244,10.150.243.141,BBMOD_R-1/SFP_R-3 (RF3),CPRILink,Cpri7,36,3183,46,-2.154,-1.925,LC,MB18460342770,HGGENUINE_MTRS-1E21-04,1310,9900,
593244,10.150.243.141,RMOD_R-2/SFP_R-1 (OPT_IF1),CPRILink,Cpri7,32,3316,41,-1.04,-3.063,LC,MB18460342777,HGGENUINE_MTRS-1E21-04,1310,9900,
593244,10.150.243.141,BBMOD_R-1/SFP_R-2 (RF1),CPRILink,Cpri7,37,3183,44,-2.154,-0.615,LC,MB18460342742,HGGENUINE_MTRS-1E21-04,1310,9900,
593244,10.150.243.141,RMOD_R-3/SFP_R-1 (OPT_IF1),CPRILink,Cpri7,33,3316,45,-1.433,-2.644,LC,MB18460340322,HGGENUINE_MTRS-1E21-04,1310,9900,
593244,10.150.243.141,BBMOD_R-1/SFP_R-1 (RF2),CPRILink,Cpri7,36,3192,44,-1.778,-4.473,LC,MB18460342506,HGGENUINE_MTRS-1E21-04,1310,9900,
593261,10.150.243.153,RMOD_R-1/SFP_R-1 (OPT_IF1),RP3_01Link,Obsai6Gbps,47,3314,35,-2.7,-3.401,LC,FR184800860,WTD_RTXM228-601,1310,6100,
593261,10.150.243.153,BBMOD_R-2/SFP_R-1 (RF1),RP3_01Link,Obsai6Gbps,45,3172,36,-2.807,-2.277,LC,FR184800861,WTD_RTXM228-601,1310,6100,
593261,10.150.243.153,RMOD_R-1/SFP_R-2 (OPT_IF2),RP3_01Link,Obsai6Gbps,50,3314,40,-2.027,-1.518,LC,FR184800497,WTD_RTXM228-601,1310,6100,
593261,10.150.243.153,BBMOD_R-2/SFP_R-2 (RF2),RP3_01Link,Obsai6Gbps,45,3167,38,-2.125,-2.782,LC,FR184800859,WTD_RTXM228-601,1310,6100,
593261,10.150.243.153,RMOD_R-2/SFP_R-1 (OPT_IF1),RP3_01Link,Obsai6Gbps,55,3304,37,-2.716,-2.418,LC,FR184800862,WTD_RTXM228-601,1310,6100,
593261,10.150.243.153,BBMOD_R-2/SFP_R-3 (RF3),RP3_01Link,Obsai6Gbps,45,3172,37,-2.055,-3.089,LC,FR184800498,WTD_RTXM228-601,1310,6100,
593261,10.150.243.153,RMOD_R-2/SFP_R-2 (OPT_IF2),RP3_01Link,Obsai6Gbps,54,3290,40,-2.125,-4.089,LC,U2134801433,SOURCEPHOTONICS_SPP8FLRIDFDSA2,1310,6300,SingleMode
593261,10.150.243.153,BBMOD_R-2/SFP_R-4 (RF4),RP3_01Link,Obsai6Gbps,46,3149,40,-2.069,-2.89,LC,U2134801589,SOURCEPHOTONICS_SPP8FLRIDFDSA2,1310,6300,SingleMode
593264,10.150.243.151,RMOD_R-1/SFP_R-1 (OPT_IF1),RP3_01Link,Obsai6Gbps,49,3324,38,-2.02,-2.708,LC,FR184521864,WTD_RTXM228-601,1310,6100,
593264,10.150.243.151,BBMOD_R-2/SFP_R-3 (RF3),RP3_01Link,Obsai6Gbps,35,3211,32,-2.062,-3.125,LC,FR184521868,WTD_RTXM228-601,1310,6100,
593264,10.150.243.151,RMOD_R-1/SFP_R-2 (OPT_IF2),RP3_01Link,Obsai6Gbps,52,3304,38,-2.684,-1.746,LC,FR184521870,WTD_RTXM228-601,1310,6100,
593264,10.150.243.151,BBMOD_R-2/SFP_R-4 (RF4),RP3_01Link,Obsai6Gbps,36,3177,36,-2.048,-2.628,LC,FR184521871,WTD_RTXM228-601,1310,6100,
593264,10.150.243.151,RMOD_R-2/SFP_R-1 (OPT_IF1),RP3_01Link,Obsai6Gbps,49,3324,38,-2.132,-2.644,LC,FR184521863,WTD_RTXM228-601,1310,6100,
593264,10.150.243.151,BBMOD_R-2/SFP_R-2 (RF1),RP3_01Link,Obsai6Gbps,34,3196,33,-0.814,-2.204,LC,FR184521867,WTD_RTXM228-601,1310,6100,
593264,10.150.243.151,RMOD_R-2/SFP_R-2 (OPT_IF2),RP3_01Link,Obsai6Gbps,49,3309,38,-2.197,-3.904,LC,FR184521869,WTD_RTXM228-601,1310,6100,
593264,10.150.243.151,BBMOD_R-2/SFP_R-1 (RF2),RP3_01Link,Obsai6Gbps,36,3196,36,-1.959,-2.343,LC,FR184521866,WTD_RTXM228-601,1310,6100,
593284,10.150.242.102,RMOD_R-1/SFP_R-1 (OPT_IF1),CPRILink,Cpri7,34,3293,46,-2.518,-2.097,LC,FR184520541,WTD_RTXM228-702,1310,10000,
593284,10.150.242.102,BBMOD_R-1/SFP_R-3 (RF1),CPRILink,Cpri7,36,3183,43,-1.798,-2.125,LC,FR184520542,WTD_RTXM228-702,1310,10000,
593284,10.150.242.102,RMOD_R-2/SFP_R-1 (OPT_IF1),CPRILink,Cpri7,30,3324,45,-2.534,-2.51,LC,FR184520544,WTD_RTXM228-702,1310,10000,
593284,10.150.242.102,BBMOD_R-1/SFP_R-1 (RF3),CPRILink,Cpri7,36,3147,46,-2.993,-3.99,LC,FR184520543,WTD_RTXM228-702,1310,10000,
593284,10.150.242.102,RMOD_R-3/SFP_R-1 (OPT_IF1),CPRILink,Cpri7,30,3314,45,-2.958,-1.694,LC,FR184520546,WTD_RTXM228-702,1310,10000,
593284,10.150.242.102,BBMOD_R-1/SFP_R-2 (RF2),CPRILink,Cpri7,37,3185,47,-2.557,-3.536,LC,FR184520545,WTD_RTXM228-702,1310,10000,
593311,10.150.242.124,RMOD_R-1/SFP_R-1 (OPT_IF1),CPRILink,Cpri7,24,3307,44,-1.278,-2.411,LC,MB18460340296,HGGENUINE_MTRS-1E21-04,1310,9900,
593311,10.150.242.124,BBMOD_R-1/SFP_R-1 (RF2),CPRILink,Cpri7,35,3202,44,-2.933,-4.962,LC,MB18460342050,HGGENUINE_MTRS-1E21-04,1310,9900,
593311,10.150.242.124,RMOD_R-2/SFP_R-1 (OPT_IF1),CPRILink,Cpri7,25,3307,43,-1.618,-2.765,LC,MB18460341812,HGGENUINE_MTRS-1E21-04,1310,9900,
593311,10.150.242.124,BBMOD_R-1/SFP_R-2 (RF1),CPRILink,Cpri7,35,3207,45,-1.549,-1.938,LC,MB18460342681,HGGENUINE_MTRS-1E21-04,1310,9900,
593311,10.150.242.124,RMOD_R-3/SFP_R-1 (OPT_IF1),CPRILink,Cpri7,29,3307,42,-1.733,-2.652,LC,MB18460340892,HGGENUINE_MTRS-1E21-04,1310,9900,
593311,10.150.242.124,BBMOD_R-1/SFP_R-3 (RF3),CPRILink,Cpri7,34,3202,45,-1.29,-3.161,LC,MB18460342838,HGGENUINE_MTRS-1E21-04,1310,9900,
593315,10.150.242.131,RMOD_R-1/SFP_R-1 (OPT_IF1),CPRILink,Cpri7,29,3331,40,-2.418,-1.192,LC,AC1843A0449,Hisense_LTF1303-AW1,1310,9800,
593315,10.150.242.131,BBMOD_R-1/SFP_R-3 (RF3),CPRILink,Cpri7,38,3195,41,-1.701,-3.546,LC,AC1839A1815,Hisense_LTF1303-AW1,1310,9800,
593315,10.150.242.131,RMOD_R-2/SFP_R-1 (OPT_IF1),CPRILink,Cpri7,29,3303,39,-1.296,-2.518,LC,AC1838A3530,Hisense_LTF1303-AW1,1310,9800,
593315,10.150.242.131,BBMOD_R-1/SFP_R-1 (RF2),CPRILink,Cpri7,37,3190,41,-2.487,-2.426,LC,AC1843A0272,Hisense_LTF1303-AW1,1310,9800,
593315,10.150.242.131,RMOD_R-3/SFP_R-1 (OPT_IF1),CPRILink,Cpri7,31,3299,41,-1.752,-1.421,LC,AC1843A0327,Hisense_LTF1303-AW1,1310,9800,
593315,10.150.242.131,BBMOD_R-1/SFP_R-2 (RF1),CPRILink,Cpri7,36,3208,42,-1.945,-2.211,LC,AC1843A0362,Hisense_LTF1303-AW1,1310,9800,
593328,10.150.242.146,RMOD_R-1/SFP_R-1 (OPT_IF1),CPRILink,Cpri7,30,3312,43,-1.72,-2.147,LC,MB18451242373,HGGENUINE_MTRS-1E21-04,1310,9900,
593328,10.150.242.146,BBMOD_R-1/SFP_R-1 (RF1),CPRILink,Cpri7,34,3192,45,-1.824,-1.904,LC,MB18451242277,HGGENUINE_MTRS-1E21-04,1310,9900,
593328,10.150.242.146,RMOD_R-2/SFP_R-1 (OPT_IF1),CPRILink,Cpri7,32,3312,47,-2.055,-0.794,LC,MB18451242597,HGGENUINE_MTRS-1E21-04,1310,9900,
593328,10.150.242.146,BBMOD_R-1/SFP_R-2 (RF3),CPRILink,Cpri7,35,3197,45,-0.958,-1.232,LC,MB18451242424,HGGENUINE_MTRS-1E21-04,1310,9900,
593328,10.150.242.146,RMOD_R-3/SFP_R-1 (OPT_IF1),CPRILink,Cpri7,29,3316,43,-1.002,-2.041,LC,MB18451242250,HGGENUINE_MTRS-1E21-04,1310,9900,
593328,10.150.242.146,BBMOD_R-1/SFP_R-3 (RF2),CPRILink,Cpri7,35,3202,46,-2.154,-0.794,LC,MB18451242015,HGGENUINE_MTRS-1E21-04,1310,9900,
593361,10.150.242.181,RMOD_R-1/SFP_R-1 (OPT_IF1),RP3_01Link,Obsai6Gbps,40,3304,36,-2.782,-1.238,LC,FR184520696,WTD_RTXM228-601,1310,6100,
593361,10.150.242.181,BBMOD_R-1/SFP_R-1 (RF1),RP3_01Link,Obsai6Gbps,33,3201,35,-2.24,-3.585,LC,FR184521817,WTD_RTXM228-601,1310,6100,
593361,10.150.242.181,RMOD_R-1/SFP_R-2 (OPT_IF2),RP3_01Link,Obsai6Gbps,43,3314,38,-1.898,-1.267,LC,FR184520697,WTD_RTXM228-601,1310,6100,
593361,10.150.242.181,BBMOD_R-1/SFP_R-4 (RF2),RP3_01Link,Obsai6Gbps,31,3236,38,-2.197,-1.979,LC,FR184521818,WTD_RTXM228-601,1310,6100,
593361,10.150.242.181,RMOD_R-2/SFP_R-1 (OPT_IF1),RP3_01Link,Obsai6Gbps,41,3314,36,-3.224,-4.962,LC,FR184520698,WTD_RTXM228-601,1310,6100,
593361,10.150.242.181,BBMOD_R-1/SFP_R-3 (RF3),RP3_01Link,Obsai6Gbps,33,3177,39,-4.535,-3.675,LC,FR184521820,WTD_RTXM228-601,1310,6100,
593361,10.150.242.181,RMOD_R-2/SFP_R-2 (OPT_IF2),RP3_01Link,Obsai6Gbps,42,3329,37,-3.696,-1.707,LC,FR184520695,WTD_RTXM228-601,1310,6100,
593361,10.150.242.181,BBMOD_R-1/SFP_R-2 (RF4),RP3_01Link,Obsai6Gbps,32,3191,36,-2.226,-5.171,LC,FR184521819,WTD_RTXM228-601,1310,6100,
593424,10.150.242.177,RMOD_R-1/SFP_R-1 (OPT_IF1),RP3_01Link,Obsai6Gbps,43,3269,34,-3.17,-3.979,LC,MA18420231401,HGGENUINE_MTRS-6E21-01,1310,6200,
593424,10.150.242.177,BBMOD_R-1/SFP_R-2 (RF2),RP3_01Link,Obsai6Gbps,44,3245,34,-2.09,-3.439,LC,MA18420231218,HGGENUINE_MTRS-6E21-01,1310,6200,
593424,10.150.242.177,RMOD_R-2/SFP_R-1 (OPT_IF1),RP3_01Link,Obsai6Gbps,33,3293,34,-3.288,-5.834,LC,MA18420231404,HGGENUINE_MTRS-6E21-01,1310,6200,
593424,10.150.242.177,BBMOD_R-1/SFP_R-1 (RF1),RP3_01Link,Obsai6Gbps,44,3245,35,-2.907,-3.401,LC,MA18420231209,HGGENUINE_MTRS-6E21-01,1310,6200,
593560,10.150.243.180,RMOD_R-1/SFP_R-1 (OPT_IF1),CPRILink,Cpri7,32,3297,44,-1.972,-3.82,LC,MA19281320762,HGGENUINE_MTRS-1E21-04,1310,9900,
593560,10.150.243.180,BBMOD_R-1/SFP_R-1 (RF1),CPRILink,Cpri7,35,3178,45,-2.967,-1.637,LC,MA19220760689,HGGENUINE_MTRS-1E21-04,1310,9900,
593560,10.150.243.180,RMOD_R-2/SFP_R-1 (OPT_IF1),CPRILink,Cpri7,30,3302,44,-1.669,-1.649,LC,MA19281320619,HGGENUINE_MTRS-1E21-04,1310,9900,
593560,10.150.243.180,BBMOD_R-1/SFP_R-3 (RF3),CPRILink,Cpri7,36,3188,45,-1.319,-3.17,LC,MA19220760421,HGGENUINE_MTRS-1E21-04,1310,9900,
593560,10.150.243.180,RMOD_R-3/SFP_R-1 (OPT_IF1),CPRILink,Cpri7,27,3278,43,-1.58,-6.861,LC,MA19281320477,HGGENUINE_MTRS-1E21-04,1310,9900,
593560,10.150.243.180,BBMOD_R-1/SFP_R-2 (RF2),CPRILink,Cpri7,35,3173,43,-3.233,-1.637,LC,MA19220760078,HGGENUINE_MTRS-1E21-04,1310,9900,
762372,100.105.151.135,RMOD_R-1/SFP_R-1 (OPT_IF1),RP3_01Link,Obsai6Gbps,42,3312,38,-3.372,-2.628,LC,MA18391101354,HGGENUINE_MTRS-6E21-01,1310,6200,
762372,100.105.151.135,BBMOD_R-1/SFP_R-3 (RF3),RP3_01Link,Obsai6Gbps,43,3212,34,-2.343,-3.307,LC,MA18391101352,HGGENUINE_MTRS-6E21-01,1310,6200,
762372,100.105.151.135,RMOD_R-2/SFP_R-1 (OPT_IF1),RP3_01Link,Obsai6Gbps,42,3321,33,-2.84,-3.556,LC,MA18391100351,HGGENUINE_MTRS-6E21-01,1310,6200,
762372,100.105.151.135,BBMOD_R-1/SFP_R-2 (RF1),RP3_01Link,Obsai6Gbps,42,3192,51,-3.936,-3.344,LC,MA18391100555,HGGENUINE_MTRS-6E21-01,1310,6200,
762372,100.105.151.135,RMOD_R-3/SFP_R-1 (OPT_IF1),RP3_01Link,Obsai6Gbps,44,3316,36,-3.354,-4.237,LC,MA18391100553,HGGENUINE_MTRS-6E21-01,1310,6200,
762372,100.105.151.135,BBMOD_R-1/SFP_R-1 (RF2),RP3_01Link,Obsai6Gbps,41,3212,34,-3.045,-3.27,LC,MA18391100563,HGGENUINE_MTRS-6E21-01,1310,6200,
762383,100.105.151.155,RMOD_R-1/SFP_R-1 (OPT_IF1),RP3_01Link,Obsai6Gbps,52,3309,41,-2.464,-2,LC,D7N2008904,SOURCEPHOTONICS_SPP8FLRIDFDSA2,1310,6300,SingleMode
762383,100.105.151.155,BBMOD_R-1/SFP_R-3 (RF3),RP3_01Link,Obsai6Gbps,45,3245,46,-2.848,-3.947,LC,U2142203146,SOURCEPHOTONICS_SPP8FLRIDFDSA2,1310,6300,SingleMode
762383,100.105.151.155,RMOD_R-2/SFP_R-1 (OPT_IF1),RP3_01Link,Obsai6Gbps,45,3314,41,-2.426,-4.225,LC,D7N2009062,SOURCEPHOTONICS_SPP8FLRIDFDSA2,1310,6300,SingleMode
762383,100.105.151.155,BBMOD_R-1/SFP_R-2 (RF1),RP3_01Link,Obsai6Gbps,55,3202,50,-2.09,-1.931,LC,VF1403000K5,FINISARCORP._FTLF1326P3BTL-NN,1310,6300,SingleMode
762383,100.105.151.155,RMOD_R-3/SFP_R-1 (OPT_IF1),RP3_01Link,Obsai6Gbps,50,3353,48,-2.284,-1.838,LC,U2142306546,SOURCEPHOTONICS_SPP8FLRIDFDSA2,1310,6300,SingleMode
762383,100.105.151.155,BBMOD_R-1/SFP_R-1 (RF2),RP3_01Link,Obsai6Gbps,52,3230,50,-0.615,-1.952,LC,VF1349003SA,FINISARCORP._FTLF1326P3BTL-NN,1310,6300,SingleMode
762423,10.150.243.166,RMOD_R-1/SFP_R-1 (OPT_IF1),RP3_01Link,Obsai6Gbps,55,3334,40,-2,-3.125,LC,FR184411274,WTD_RTXM228-601,1310,6100,
762423,10.150.243.166,BBMOD_R-1/SFP_R-4 (RF1),RP3_01Link,Obsai6Gbps,35,3196,35,-3.224,-1.618,LC,FR184525281,WTD_RTXM228-601,1310,6100,
762423,10.150.243.166,RMOD_R-1/SFP_R-2 (OPT_IF2),RP3_01Link,Obsai6Gbps,57,3299,38,-1.331,-2.798,LC,FR184411273,WTD_RTXM228-601,1310,6100,
762423,10.150.243.166,BBMOD_R-1/SFP_R-1 (RF2),RP3_01Link,Obsai6Gbps,36,3182,34,-3.098,-2.048,LC,FR184411270,WTD_RTXM228-601,1310,6100,
762423,10.150.243.166,RMOD_R-2/SFP_R-2 (OPT_IF1),RP3_01Link,Obsai6Gbps,52,3299,38,-1.993,-2.062,LC,FR184525276,WTD_RTXM228-601,1310,6100,
762423,10.150.243.166,BBMOD_R-1/SFP_R-3 (RF3),RP3_01Link,Obsai6Gbps,36,3196,37,-2.062,-3.799,LC,FR184525277,WTD_RTXM228-601,1310,6100,
762423,10.150.243.166,RMOD_R-2/SFP_R-2 (OPT_IF2),RP3_01Link,Obsai6Gbps,52,3309,37,-0.985,-3.809,LC,FR184525276,WTD_RTXM228-601,1310,6100,
762423,10.150.243.166,BBMOD_R-1/SFP_R-2 (RF4),RP3_01Link,Obsai6Gbps,36,3182,33,-2.336,-1.543,LC,FR184525278,WTD_RTXM228-601,1310,6100,
762434,10.150.243.159,RMOD_R-1/SFP_R-1 (OPT_IF1),RP3_01Link,Obsai6Gbps,61,3295,39,-1.959,-2.373,LC,FR184700411,WTD_RTXM228-601,1310,6100,
762434,10.150.243.159,BBMOD_R-1/SFP_R-1 (RF3),RP3_01Link,Obsai6Gbps,41,3206,35,-2.197,-2.262,LC,FR184700407,WTD_RTXM228-601,1310,6100,
762434,10.150.243.159,RMOD_R-1/SFP_R-2 (OPT_IF2),RP3_01Link,Obsai6Gbps,62,3299,40,-2.62,-3.063,LC,FR184700414,WTD_RTXM228-601,1310,6100,
762434,10.150.243.159,BBMOD_R-1/SFP_R-3 (RF4),RP3_01Link,Obsai6Gbps,42,3196,38,-2.628,-2.95,LC,FR184700423,WTD_RTXM228-601,1310,6100,
762434,10.150.243.159,RMOD_R-2/SFP_R-2 (OPT_IF2),RP3_01Link,Obsai6Gbps,60,3309,38,-2.076,-2.083,LC,FR184700410,WTD_RTXM228-601,1310,6100,
762434,10.150.243.159,BBMOD_R-1/SFP_R-4 (RF2),RP3_01Link,Obsai6Gbps,42,3182,38,-2.351,-3.036,LC,FR184700408,WTD_RTXM228-601,1310,6100,
762541,10.150.242.105,RMOD_R-1/SFP_R-1 (OPT_IF1),CPRILink,Cpri7,29,3293,44,-2.034,-3.242,LC,MB18470451116,HGGENUINE_MTRS-1E21-04,1310,9900,
762541,10.150.242.105,BBMOD_R-1/SFP_R-3 (RF1),CPRILink,Cpri7,35,3192,44,-2.197,-2.976,LC,MB18470670009,HGGENUINE_MTRS-1E21-04,1310,9900,
762541,10.150.242.105,RMOD_R-2/SFP_R-1 (OPT_IF1),CPRILink,Cpri7,27,3316,43,-3.487,-4.283,LC,MB18470450711,HGGENUINE_MTRS-1E21-04,1310,9900,
762541,10.150.242.105,BBMOD_R-1/SFP_R-2 (RF3),CPRILink,Cpri7,34,3207,45,-1.062,-4.473,LC,MB18470450921,HGGENUINE_MTRS-1E21-04,1310,9900,
762541,10.150.242.105,RMOD_R-3/SFP_R-1 (OPT_IF1),CPRILink,Cpri7,28,3312,38,-1.079,-3.17,LC,MB18470451007,HGGENUINE_MTRS-1E21-04,1310,9900,
762541,10.150.242.105,BBMOD_R-1/SFP_R-1 (RF2),CPRILink,Cpri7,34,3197,45,-2.147,-3.344,LC,MB18470670341,HGGENUINE_MTRS-1E21-04,1310,9900,
762560,10.150.242.4,RMOD_R-1/SFP_R-1 (OPT_IF1),RP3_01Link,Obsai6Gbps,44,3293,35,-2.652,-2.958,LC,MA18411171267,HGGENUINE_MTRS-6E21-01,1310,6200,
762560,10.150.242.4,BBMOD_R-1/SFP_R-2 (RF2),RP3_01Link,Obsai6Gbps,32,3235,33,-2.013,-2.358,LC,MA18411170228,HGGENUINE_MTRS-6E21-01,1310,6200,
762560,10.150.242.4,RMOD_R-2/SFP_R-1 (OPT_IF1),RP3_01Link,Obsai6Gbps,44,3307,35,-2.277,-3.063,LC,MA18411170909,HGGENUINE_MTRS-6E21-01,1310,6200,
762560,10.150.242.4,BBMOD_R-1/SFP_R-1 (RF1),RP3_01Link,Obsai6Gbps,32,3240,33,-3.215,-3.936,LC,MA18420812728,HGGENUINE_MTRS-6E21-01,1310,6200,
762700,10.150.242.7,RMOD_R-1/SFP_R-1 (OPT_IF1),CPRILink,Cpri7,30,3288,44,-2.161,-2.218,LC,MB18470901369,HGGENUINE_MTRS-1E21-04,1310,9900,
762700,10.150.242.7,BBMOD_R-2/SFP_R-2 (RF2),CPRILink,Cpri7,36,3221,46,-1.267,-2.725,LC,MB18470900110,HGGENUINE_MTRS-1E21-04,1310,9900,
762700,10.150.242.7,RMOD_R-2/SFP_R-1 (OPT_IF1),CPRILink,Cpri7,32,3297,45,-2.418,-4.353,LC,MB18470900226,HGGENUINE_MTRS-1E21-04,1310,9900,
762700,10.150.242.7,BBMOD_R-2/SFP_R-1 (RF3),CPRILink,Cpri7,35,3231,44,-2,-3.516,LC,MB18470900443,HGGENUINE_MTRS-1E21-04,1310,9900,
762700,10.150.242.7,RMOD_R-3/SFP_R-1 (OPT_IF1),CPRILink,Cpri7,29,3316,43,-2.51,-2.503,LC,MB18470900738,HGGENUINE_MTRS-1E21-04,1310,9900,
762700,10.150.242.7,BBMOD_R-2/SFP_R-3 (RF1),CPRILink,Cpri7,38,3216,46,-1.18,-3.224,LC,MB18470900134,HGGENUINE_MTRS-1E21-04,1310,9900,
762720,10.150.242.18,RMOD_R-1/SFP_R-1 (OPT_IF1),CPRILink,Cpri7,32,3319,40,-0.526,-2.097,LC,AC1839A0856,Hisense_LTF1303-AW1,1310,9800,
762720,10.150.242.18,BBMOD_R-1/SFP_R-3 (RF2),CPRILink,Cpri7,36,3202,41,-2.604,-1.637,LC,AC1838A4896,Hisense_LTF1303-AW1,1310,9800,
762720,10.150.242.18,RMOD_R-2/SFP_R-1 (OPT_IF1),CPRILink,Cpri7,32,3325,39,-2.204,-1.355,LC,AC1838A4479,Hisense_LTF1303-AW1,1310,9800,
762720,10.150.242.18,BBMOD_R-1/SFP_R-1 (RF1),CPRILink,Cpri7,35,3204,41,-2.055,-2.882,LC,AC1838A4797,Hisense_LTF1303-AW1,1310,9800,
762720,10.150.242.18,RMOD_R-3/SFP_R-1 (OPT_IF1),CPRILink,Cpri7,23,3307,40,-1.331,-2.24,LC,AC1838A4576,Hisense_LTF1303-AW1,1310,9800,
762720,10.150.242.18,BBMOD_R-1/SFP_R-2 (RF3),CPRILink,Cpri7,34,3203,39,-2.197,-2.007,LC,AC1838A3160,Hisense_LTF1303-AW1,1310,9800,
762724,10.150.242.24,RMOD_R-1/SFP_R-1 (OPT_IF1),CPRILink,Cpri7,32,3302,45,-2.218,-3.556,LC,MB18470901341,HGGENUINE_MTRS-1E21-04,1310,9900,
762724,10.150.242.24,BBMOD_R-1/SFP_R-2 (RF1),CPRILink,Cpri7,50,3178,46,-1.518,-4.191,LC,MB18470900178,HGGENUINE_MTRS-1E21-04,1310,9900,
762724,10.150.242.24,RMOD_R-2/SFP_R-1 (OPT_IF1),CPRILink,Cpri7,33,3297,45,-2.503,-5.884,LC,MB18470900241,HGGENUINE_MTRS-1E21-04,1310,9900,
762724,10.150.242.24,BBMOD_R-1/SFP_R-1 (RF2),CPRILink,Cpri7,50,3188,47,-1.361,-2.798,LC,MB18470900236,HGGENUINE_MTRS-1E21-04,1310,9900,
762724,10.150.242.24,RMOD_R-3/SFP_R-1 (OPT_IF1),CPRILink,Cpri7,31,3293,44,-2.19,-8.386,LC,MB18470900303,HGGENUINE_MTRS-1E21-04,1310,9900,
762724,10.150.242.24,BBMOD_R-1/SFP_R-3 (RF3),CPRILink,Cpri7,50,3178,47,-2.518,-3.716,LC,MB18470900028,HGGENUINE_MTRS-1E21-04,1310,9900,
762730,10.150.242.60,RMOD_R-1/SFP_R-1 (OPT_IF1),CPRILink,Cpri7,30,3312,45,-1.643,-1.669,LC,MB18441230319,HGGENUINE_MTRS-1E21-04,1310,9900,
762730,10.150.242.60,BBMOD_R-1/SFP_R-2 (RF2),CPRILink,Cpri7,39,3207,45,-1.649,-2.373,LC,MB18441230286,HGGENUINE_MTRS-1E21-04,1310,9900,
762730,10.150.242.60,RMOD_R-2/SFP_R-1 (OPT_IF1),CPRILink,Cpri7,35,3302,45,-1.481,-2.823,LC,MB18441230018,HGGENUINE_MTRS-1E21-04,1310,9900,
762730,10.150.242.60,BBMOD_R-1/SFP_R-3 (RF3),CPRILink,Cpri7,39,3216,45,-2.924,-5.513,LC,MB18441230061,HGGENUINE_MTRS-1E21-04,1310,9900,
762730,10.150.242.60,RMOD_R-3/SFP_R-1 (OPT_IF1),CPRILink,Cpri7,34,3297,44,-1.543,-4.283,LC,MB18441230410,HGGENUINE_MTRS-1E21-04,1310,9900,
762730,10.150.242.60,BBMOD_R-1/SFP_R-1 (RF1),CPRILink,Cpri7,42,3207,44,-2.411,-2.027,LC,MB18441230287,HGGENUINE_MTRS-1E21-04,1310,9900,
762731,10.150.242.71,RMOD_R-1/SFP_R-1 (OPT_IF1),RP3_01Link,Obsai6Gbps,44,3288,35,-2.644,-4.237,LC,MA18420811698,HGGENUINE_MTRS-6E21-01,1310,6200,
762731,10.150.242.71,BBMOD_R-1/SFP_R-1 (RF2),RP3_01Link,Obsai6Gbps,32,3240,33,-3.307,-3.143,LC,MA18420811181,HGGENUINE_MTRS-6E21-01,1310,6200,
762731,10.150.242.71,RMOD_R-2/SFP_R-1 (OPT_IF1),RP3_01Link,Obsai6Gbps,42,3283,34,-2.798,-3.478,LC,MA18420810845,HGGENUINE_MTRS-6E21-01,1310,6200,
762731,10.150.242.71,BBMOD_R-1/SFP_R-2 (RF1),RP3_01Link,Obsai6Gbps,33,3250,35,-3.391,-4.498,LC,MA18420811932,HGGENUINE_MTRS-6E21-01,1310,6200,
762742,10.150.243.61,RMOD_R-1/SFP_R-1 (OPT_IF1),CPRILink,Cpri7,30,3307,44,-1.824,-2.19,LC,MB18441030273,HGGENUINE_MTRS-1E21-04,1310,9900,
762742,10.150.243.61,BBMOD_R-1/SFP_R-3 (RF3),CPRILink,Cpri7,37,3202,45,-1.931,-6.003,LC,MB18441030331,HGGENUINE_MTRS-1E21-04,1310,9900,
762742,10.150.243.61,RMOD_R-2/SFP_R-1 (OPT_IF1),CPRILink,Cpri7,27,3312,44,-2.933,-1.192,LC,MB18441030933,HGGENUINE_MTRS-1E21-04,1310,9900,
762742,10.150.243.61,BBMOD_R-1/SFP_R-2 (RF1),CPRILink,Cpri7,38,3197,45,-2.534,-10.088,LC,MB18441030303,HGGENUINE_MTRS-1E21-04,1310,9900,
762742,10.150.243.61,RMOD_R-3/SFP_R-1 (OPT_IF1),CPRILink,Cpri7,28,3316,43,-2.373,-2.197,LC,MB18441030572,HGGENUINE_MTRS-1E21-04,1310,9900,
762742,10.150.243.61,BBMOD_R-1/SFP_R-1 (RF2),CPRILink,Cpri7,37,3192,47,-2.24,-7.545,LC,MB18441030177,HGGENUINE_MTRS-1E21-04,1310,9900,
762785,10.150.242.99,RMOD_R-1/SFP_R-1 (OPT_IF1),CPRILink,Cpri7,31,3307,44,-1.409,-3.778,LC,MB18450132874,HGGENUINE_MTRS-1E21-04,1310,9900,
762785,10.150.242.99,BBMOD_R-1/SFP_R-2 (RF2),CPRILink,Cpri7,35,3192,44,-2.581,-1.707,LC,MB18450132673,HGGENUINE_MTRS-1E21-04,1310,9900,
762785,10.150.242.99,RMOD_R-2/SFP_R-1 (OPT_IF1),CPRILink,Cpri7,28,3293,44,-2.02,-3.382,LC,MB18450132217,HGGENUINE_MTRS-1E21-04,1310,9900,
762785,10.150.242.99,BBMOD_R-1/SFP_R-3 (RF1),CPRILink,Cpri7,35,3197,45,-2.055,-3.089,LC,MB18450132651,HGGENUINE_MTRS-1E21-04,1310,9900,
762785,10.150.242.99,RMOD_R-3/SFP_R-1 (OPT_IF1),CPRILink,Cpri7,29,3312,43,-1.858,-1.612,LC,MB18450130060,HGGENUINE_MTRS-1E21-04,1310,9900,
762785,10.150.242.99,BBMOD_R-1/SFP_R-1 (RF3),CPRILink,Cpri7,35,3197,45,-1.308,-2.815,LC,MB18450132713,HGGENUINE_MTRS-1E21-04,1310,9900,
762860,10.150.242.157,RMOD_R-1/SFP_R-1 (OPT_IF1),CPRILink,Cpri7,26,3311,38,-1.972,-1.308,LC,AC1839A0266,Hisense_LTF1303-AW1,1310,9800,
762860,10.150.242.157,BBMOD_R-1/SFP_R-2 (RF2),CPRILink,Cpri7,33,3209,40,-1.605,-2.765,LC,AC1838A4913,Hisense_LTF1303-AW1,1310,9800,
762860,10.150.242.157,RMOD_R-2/SFP_R-1 (OPT_IF1),CPRILink,Cpri7,29,3292,39,-1.29,-2.083,LC,AC1838A4268,Hisense_LTF1303-AW1,1310,9800,
762860,10.150.242.157,BBMOD_R-1/SFP_R-3 (RF3),CPRILink,Cpri7,33,3194,40,-1.752,-2.306,LC,AC1839A0553,Hisense_LTF1303-AW1,1310,9800,
762860,10.150.242.157,RMOD_R-3/SFP_R-1 (OPT_IF1),CPRILink,Cpri7,26,3291,39,-1.931,-2.321,LC,AC1838A4132,Hisense_LTF1303-AW1,1310,9800,
762860,10.150.242.157,BBMOD_R-1/SFP_R-1 (RF1),CPRILink,Cpri7,30,3197,39,-1.355,-1.759,LC,AC1838A4662,Hisense_LTF1303-AW1,1310,9800,
914973,100.105.151.150,RMOD_R-1/SFP_R-1 (OPT_IF1),RP3_01Link,Obsai6Gbps,38,3321,33,-2.774,-2.865,LC,MA18391101501,HGGENUINE_MTRS-6E21-01,1310,6200,
914973,100.105.151.150,BBMOD_R-1/SFP_R-2 (RF1),RP3_01Link,Obsai6Gbps,32,3197,33,-3.143,-2.441,LC,MA18391101294,HGGENUINE_MTRS-6E21-01,1310,6200,
914973,100.105.151.150,RMOD_R-2/SFP_R-1 (OPT_IF1),RP3_01Link,Obsai6Gbps,37,3312,33,-2.757,-4.425,LC,MA18391101450,HGGENUINE_MTRS-6E21-01,1310,6200,
914973,100.105.151.150,BBMOD_R-1/SFP_R-1 (RF3),RP3_01Link,Obsai6Gbps,31,3202,32,-2.168,-3.242,LC,MA18391101521,HGGENUINE_MTRS-6E21-01,1310,6200,
914973,100.105.151.150,RMOD_R-3/SFP_R-1 (OPT_IF1),RP3_01Link,Obsai6Gbps,40,3312,33,-3.08,-6.517,LC,MA18391101464,HGGENUINE_MTRS-6E21-01,1310,6200,
914973,100.105.151.150,BBMOD_R-1/SFP_R-3 (RF2),RP3_01Link,Obsai6Gbps,32,3202,33,-3.028,-3.224,LC,MA18391100976,HGGENUINE_MTRS-6E21-01,1310,6200,
915197,100.105.151.159,RMOD_R-1/SFP_R-1 (OPT_IF1),RP3_01Link,Obsai6Gbps,37,3316,33,-1.864,-3.99,LC,MA18411170813,HGGENUINE_MTRS-6E21-01,1310,6200,
915197,100.105.151.159,BBMOD_R-1/SFP_R-2 (RF2),RP3_01Link,Obsai6Gbps,31,3245,32,-2.48,-2.95,LC,MA18411170812,HGGENUINE_MTRS-6E21-01,1310,6200,
915197,100.105.151.159,RMOD_R-2/SFP_R-1 (OPT_IF1),RP3_01Link,Obsai6Gbps,39,3316,33,-2.749,-3.054,LC,MA18411170817,HGGENUINE_MTRS-6E21-01,1310,6200,
915197,100.105.151.159,BBMOD_R-1/SFP_R-1 (RF1),RP3_01Link,Obsai6Gbps,31,3235,33,-3.206,-2.865,LC,MA18411170828,HGGENUINE_MTRS-6E21-01,1310,6200,
915197,100.105.151.159,RMOD_R-3/SFP_R-1 (OPT_IF1),RP3_01Link,Obsai6Gbps,40,3321,34,-1.871,-1.512,LC,MA18411170825,HGGENUINE_MTRS-6E21-01,1310,6200,
915197,100.105.151.159,BBMOD_R-1/SFP_R-3 (RF3),RP3_01Link,Obsai6Gbps,32,3226,41,-2.941,-3.288,LC,MA18411170808,HGGENUINE_MTRS-6E21-01,1310,6200,
959503,10.150.243.80,RMOD_R-1/SFP_R-2 (OPT_IF1),RP3_01Link,Obsai6Gbps,42,3288,34,-2.434,-2.933,LC,MA18441451787,HGGENUINE_MTRS-6E21-01,1310,6200,
959503,10.150.243.80,BBMOD_R-1/SFP_R-2 (RF1),RP3_01Link,Obsai6Gbps,38,3211,33,-2.366,-4.437,LC,FR140307259,WTD_RTXM228-601,1310,6100,
959503,10.150.243.80,RMOD_R-2/SFP_R-1 (OPT_IF1),RP3_01Link,Obsai6Gbps,47,3293,35,-3.307,-5.1,LC,MA18441460970,HGGENUINE_MTRS-6E21-01,1310,6200,
959503,10.150.243.80,BBMOD_R-1/SFP_R-3 (RF2),RP3_01Link,Obsai6Gbps,47,3216,49,-1.046,-3.872,LC,VF1407001ED,FINISARCORP._FTLF1326P3BTL-NN,1310,6300,SingleMode
959510,10.150.242.90,RMOD_R-1/SFP_R-1 (OPT_IF1),RP3_01Link,Obsai6Gbps,40,3297,33,-3.188,-3.468,LC,MA18420231488,HGGENUINE_MTRS-6E21-01,1310,6200,
959510,10.150.242.90,BBMOD_R-1/SFP_R-2 (RF1),RP3_01Link,Obsai6Gbps,31,3235,33,-2.692,-2.48,LC,MA18420230561,HGGENUINE_MTRS-6E21-01,1310,6200,
959510,10.150.242.90,RMOD_R-2/SFP_R-1 (OPT_IF1),RP3_01Link,Obsai6Gbps,41,3288,39,-3.288,-2.798,LC,MA18420810036,HGGENUINE_MTRS-6E21-01,1310,6200,
959510,10.150.242.90,BBMOD_R-1/SFP_R-3 (RF2),RP3_01Link,Obsai6Gbps,31,3235,44,-3.84,-2.277,LC,MA18420232319,HGGENUINE_MTRS-6E21-01,1310,6200,
959514,10.150.242.116,RMOD_R-1/SFP_R-1 (OPT_IF1),CPRILink,Cpri7,29,3307,43,-2.248,-8.013,LC,MB19030100560,HGGENUINE_MTRS-1E21-04,1310,9900,
959514,10.150.242.116,BBMOD_R-1/SFP_R-3 (RF3),CPRILink,Cpri7,35,3207,45,-2.924,-10.223,LC,MB19030102599,HGGENUINE_MTRS-1E21-04,1310,9900,
959514,10.150.242.116,RMOD_R-2/SFP_R-1 (OPT_IF1),CPRILink,Cpri7,32,3302,44,-1.785,-3.635,LC,MB19030110696,HGGENUINE_MTRS-1E21-04,1310,9900,
959514,10.150.242.116,BBMOD_R-1/SFP_R-2 (RF2),CPRILink,Cpri7,37,3207,45,-3.17,-2.19,LC,MB19030111068,HGGENUINE_MTRS-1E21-04,1310,9900,
959514,10.150.242.116,RMOD_R-3/SFP_R-1 (OPT_IF1),CPRILink,Cpri7,30,3312,44,-2.628,-2.668,LC,MB19030111083,HGGENUINE_MTRS-1E21-04,1310,9900,
959514,10.150.242.116,BBMOD_R-1/SFP_R-1 (RF1),CPRILink,Cpri7,36,3202,44,-3.645,-2.684,LC,MB19030110400,HGGENUINE_MTRS-1E21-04,1310,9900,
959537,10.150.242.139,RMOD_R-1/SFP_R-1 (OPT_IF1),CPRILink,Cpri7,31,3287,41,-0.867,-1.681,LC,AC1844A1089,Hisense_LTF1303-AW1,1310,9800,
959537,10.150.242.139,BBMOD_R-1/SFP_R-2 (RF1),CPRILink,Cpri7,35,3187,40,-1.325,-1.701,LC,AC1844A1013,Hisense_LTF1303-AW1,1310,9800,
959537,10.150.242.139,RMOD_R-2/SFP_R-1 (OPT_IF1),CPRILink,Cpri7,26,3295,39,-2.218,-3.054,LC,AC1844A1230,Hisense_LTF1303-AW1,1310,9800,
959537,10.150.242.139,BBMOD_R-1/SFP_R-3 (RF3),CPRILink,Cpri7,37,3183,39,-1.599,-4.949,LC,AC1844A1127,Hisense_LTF1303-AW1,1310,9800,
959537,10.150.242.139,RMOD_R-3/SFP_R-1 (OPT_IF1),CPRILink,Cpri7,25,3300,38,-1.079,-1.713,LC,AC1844A1133,Hisense_LTF1303-AW1,1310,9800,
959537,10.150.242.139,BBMOD_R-1/SFP_R-1 (RF2),CPRILink,Cpri7,36,3176,40,-0.964,-1.135,LC,AC1844A1006,Hisense_LTF1303-AW1,1310,9800,
959546,10.150.242.155,RMOD_R-1/SFP_R-1 (OPT_IF1),CPRILink,Cpri7,23,3293,42,-1.463,-1.733,LC,MB18451431181,HGGENUINE_MTRS-1E21-04,1310,9900,
959546,10.150.242.155,BBMOD_R-1/SFP_R-2 (RF1),CPRILink,Cpri7,35,3197,44,-1.537,-2.373,LC,MB18451242157,HGGENUINE_MTRS-1E21-04,1310,9900,
959546,10.150.242.155,RMOD_R-2/SFP_R-1 (OPT_IF1),CPRILink,Cpri7,25,3302,44,-1.965,-1.355,LC,MB18451241858,HGGENUINE_MTRS-1E21-04,1310,9900,
959546,10.150.242.155,BBMOD_R-1/SFP_R-4 (RF3),CPRILink,Cpri7,34,3202,45,-1.643,-2.262,LC,MB18451431184,HGGENUINE_MTRS-1E21-04,1310,9900,
959546,10.150.242.155,RMOD_R-3/SFP_R-1 (OPT_IF1),CPRILink,Cpri7,25,3288,44,-1.593,-4.191,LC,MB18451242720,HGGENUINE_MTRS-1E21-04,1310,9900,
959546,10.150.242.155,BBMOD_R-1/SFP_R-3 (RF2),CPRILink,Cpri7,34,3197,44,-3.655,-2.774,LC,MB18451430395,HGGENUINE_MTRS-1E21-04,1310,9900,
959553,10.150.243.21,RMOD_R-1/SFP_R-1 (OPT_IF1),CPRILink,Cpri7,28,3303,39,-2.19,-1.524,LC,AC1838A4749,Hisense_LTF1303-AW1,1310,9800,
959553,10.150.243.21,BBMOD_R-1/SFP_R-1 (RF3),CPRILink,Cpri7,26,3196,41,-1.085,-2.782,LC,AC1838A2020,Hisense_LTF1303-AW1,1310,9800,
959553,10.150.243.21,RMOD_R-2/SFP_R-1 (OPT_IF1),CPRILink,Cpri7,31,3318,37,-1.186,-2,LC,AC1843A1056,Hisense_LTF1303-AW1,1310,9800,
959553,10.150.243.21,BBMOD_R-1/SFP_R-2 (RF2),CPRILink,Cpri7,36,3191,40,-1.778,-2.636,LC,AC1839A1927,Hisense_LTF1303-AW1,1310,9800,
959553,10.150.243.21,RMOD_R-3/SFP_R-1 (OPT_IF1),CPRILink,Cpri7,29,3312,39,-1.314,-1.805,LC,AC1839A0117,Hisense_LTF1303-AW1,1310,9800,
959553,10.150.243.21,BBMOD_R-1/SFP_R-3 (RF1),CPRILink,Cpri7,34,3210,40,-2.396,-1.487,LC,AC1838A3884,Hisense_LTF1303-AW1,1310,9800,
959555,10.150.243.91,RMOD_R-1/SFP_R-1 (OPT_IF1),CPRILink,Cpri7,28,3273,39,-1.175,-1.805,LC,AC1844A1275,Hisense_LTF1303-AW1,1310,9800,
959555,10.150.243.91,BBMOD_R-1/SFP_R-3 (RF3),CPRILink,Cpri7,39,3197,42,-1.101,-1.238,LC,AC1844A1071,Hisense_LTF1303-AW1,1310,9800,
959555,10.150.243.91,RMOD_R-2/SFP_R-1 (OPT_IF1),CPRILink,Cpri7,33,3299,40,-2.487,-1.959,LC,AC1844A1003,Hisense_LTF1303-AW1,1310,9800,
959555,10.150.243.91,BBMOD_R-1/SFP_R-2 (RF2),CPRILink,Cpri7,40,3203,41,-2.118,-4.881,LC,AC1844A1012,Hisense_LTF1303-AW1,1310,9800,
959555,10.150.243.91,RMOD_R-3/SFP_R-1 (OPT_IF1),CPRILink,Cpri7,30,3295,39,-1.898,-1.772,LC,AC1838A4659,Hisense_LTF1303-AW1,1310,9800,
959555,10.150.243.91,BBMOD_R-1/SFP_R-1 (RF1),CPRILink,Cpri7,39,3201,42,-1.58,-2.104,LC,AC1844A1228,Hisense_LTF1303-AW1,1310,9800,
959568,10.150.243.101,RMOD_R-1/SFP_R-1 (OPT_IF1),CPRILink,Cpri7,31,3297,44,-3.958,-1.238,LC,MB19030110620,HGGENUINE_MTRS-1E21-04,1310,9900,
959568,10.150.243.101,BBMOD_R-1/SFP_R-3 (RF3),CPRILink,Cpri7,35,3197,44,-2.899,-3.915,LC,MB19030110108,HGGENUINE_MTRS-1E21-04,1310,9900,
959568,10.150.243.101,RMOD_R-2/SFP_R-1 (OPT_IF1),CPRILink,Cpri7,27,3302,44,-2.874,-2.815,LC,MB19030110760,HGGENUINE_MTRS-1E21-04,1310,9900,
959568,10.150.243.101,BBMOD_R-1/SFP_R-2 (RF2),CPRILink,Cpri7,36,3192,43,-1.643,-3.401,LC,MB19030110740,HGGENUINE_MTRS-1E21-04,1310,9900,
959568,10.150.243.101,RMOD_R-3/SFP_R-1 (OPT_IF1),CPRILink,Cpri7,31,3331,45,-2.725,-2.976,LC,MB19030110403,HGGENUINE_MTRS-1E21-04,1310,9900,
959568,10.150.243.101,BBMOD_R-1/SFP_R-1 (RF1),CPRILink,Cpri7,35,3197,48,-3.757,-3.143,LC,MB19030110611,HGGENUINE_MTRS-1E21-04,1310,9900,
959580,10.150.243.38,RMOD_R-1/SFP_R-1 (OPT_IF1),CPRILink,Cpri7,30,3316,39,-1.469,-1.379,LC,AC1843A1280,Hisense_LTF1303-AW1,1310,9800,
959580,10.150.243.38,BBMOD_R-1/SFP_R-3 (RF1),CPRILink,Cpri7,36,3191,40,-1.457,-1.811,LC,AC1839A0370,Hisense_LTF1303-AW1,1310,9800,
959580,10.150.243.38,RMOD_R-2/SFP_R-1 (OPT_IF1),CPRILink,Cpri7,28,3286,40,-2.027,-9.788,LC,AC1843A1147,Hisense_LTF1303-AW1,1310,9800,
959580,10.150.243.38,BBMOD_R-1/SFP_R-2 (RF2),CPRILink,Cpri7,37,3177,39,-1.325,-9.706,LC,AC1839A0941,Hisense_LTF1303-AW1,1310,9800,
959580,10.150.243.38,RMOD_R-3/SFP_R-1 (OPT_IF1),CPRILink,Cpri7,26,3332,38,-3.605,-0.985,LC,AC1843A1350,Hisense_LTF1303-AW1,1310,9800,
959580,10.150.243.38,BBMOD_R-1/SFP_R-1 (RF3),CPRILink,Cpri7,37,3190,41,-1.18,-5.986,LC,AC1843A1142,Hisense_LTF1303-AW1,1310,9800,
959582,10.150.243.40,RMOD_R-1/SFP_R-1 (OPT_IF1),CPRILink,Cpri7,33,3340,47,-3.019,-3.915,LC,FR184519399,WTD_RTXM228-702,1310,10000,
959582,10.150.243.40,BBMOD_R-1/SFP_R-3 (RF3),CPRILink,Cpri7,34,3202,46,-2.62,-2.175,LC,FR184519401,WTD_RTXM228-702,1310,10000,
959582,10.150.243.40,RMOD_R-2/SFP_R-1 (OPT_IF1),CPRILink,Cpri7,26,3283,45,-2.716,-2.51,LC,FR184519402,WTD_RTXM228-702,1310,10000,
959582,10.150.243.40,BBMOD_R-1/SFP_R-2 (RF1),CPRILink,Cpri7,35,3185,46,-2.418,-3.045,LC,FR184519404,WTD_RTXM228-702,1310,10000,
959582,10.150.243.40,RMOD_R-3/SFP_R-1 (OPT_IF1),CPRILink,Cpri7,27,3319,42,-2.899,-2.055,LC,FR184519400,WTD_RTXM228-702,1310,10000,
959582,10.150.243.40,BBMOD_R-1/SFP_R-1 (RF2),CPRILink,Cpri7,34,3185,46,-2.612,-3.84,LC,FR184519403,WTD_RTXM228-702,1310,10000,
959587,10.150.243.114,RMOD_R-1/SFP_R-1 (OPT_IF1),CPRILink,Cpri7,25,3321,44,-1.624,-2.684,LC,MB18460342351,HGGENUINE_MTRS-1E21-04,1310,9900,
959587,10.150.243.114,BBMOD_R-1/SFP_R-3 (RF2),CPRILink,Cpri7,34,3216,45,-1.986,-1.778,LC,MB18460342150,HGGENUINE_MTRS-1E21-04,1310,9900,
959587,10.150.243.114,RMOD_R-2/SFP_R-1 (OPT_IF1),CPRILink,Cpri7,32,3297,44,-1.249,-3.487,LC,MB18460340883,HGGENUINE_MTRS-1E21-04,1310,9900,
959587,10.150.243.114,BBMOD_R-1/SFP_R-1 (RF1),CPRILink,Cpri7,33,3216,44,-1.391,-1.785,LC,MB18460342320,HGGENUINE_MTRS-1E21-04,1310,9900,
959587,10.150.243.114,RMOD_R-3/SFP_R-1 (OPT_IF1),CPRILink,Cpri7,26,3302,43,-1.63,-2.95,LC,MB18460342361,HGGENUINE_MTRS-1E21-04,1310,9900,
959587,10.150.243.114,BBMOD_R-1/SFP_R-2 (RF3),CPRILink,Cpri7,33,3212,44,-1.543,-1.791,LC,MB18460341717,HGGENUINE_MTRS-1E21-04,1310,9900,
959602,10.150.243.120,RMOD_R-1/SFP_R-1 (OPT_IF1),CPRILink,Cpri7,29,3297,44,-2.062,-3.363,LC,MB19030101376,HGGENUINE_MTRS-1E21-04,1310,9900,
959602,10.150.243.120,BBMOD_R-1/SFP_R-1 (RF3),CPRILink,Cpri7,34,3183,45,-2.277,-2.565,LC,MB19030101447,HGGENUINE_MTRS-1E21-04,1310,9900,
959602,10.150.243.120,RMOD_R-2/SFP_R-1 (OPT_IF1),CPRILink,Cpri7,31,3297,44,-3.757,-2.882,LC,MB19030100676,HGGENUINE_MTRS-1E21-04,1310,9900,
959602,10.150.243.120,BBMOD_R-1/SFP_R-3 (RF2),CPRILink,Cpri7,34,3188,45,-1.911,-2.941,LC,MB19030101409,HGGENUINE_MTRS-1E21-04,1310,9900,
959602,10.150.243.120,RMOD_R-3/SFP_R-1 (OPT_IF1),CPRILink,Cpri7,27,3297,43,-2.916,-3.872,LC,MB19030101309,HGGENUINE_MTRS-1E21-04,1310,9900,
959602,10.150.243.120,BBMOD_R-1/SFP_R-2 (RF1),CPRILink,Cpri7,34,3188,45,-3.468,-2.782,LC,MB19030101572,HGGENUINE_MTRS-1E21-04,1310,9900,
959608,10.150.243.125,RMOD_R-1/SFP_R-1 (OPT_IF1),CPRILink,Cpri7,32,3316,43,-1.681,-1.772,LC,MB18451240718,HGGENUINE_MTRS-1E21-04,1310,9900,
959608,10.150.243.125,BBMOD_R-1/SFP_R-3 (RF2),CPRILink,Cpri7,34,3202,45,-1.379,-1.494,LC,MB18451241332,HGGENUINE_MTRS-1E21-04,1310,9900,
959608,10.150.243.125,RMOD_R-2/SFP_R-1 (OPT_IF1),CPRILink,Cpri7,30,3312,44,-1.373,-2.269,LC,MB18451242666,HGGENUINE_MTRS-1E21-04,1310,9900,
959608,10.150.243.125,BBMOD_R-1/SFP_R-2 (RF1),CPRILink,Cpri7,34,3197,44,-1.439,-2.652,LC,MB18451241366,HGGENUINE_MTRS-1E21-04,1310,9900,
959608,10.150.243.125,RMOD_R-3/SFP_R-1 (OPT_IF1),CPRILink,Cpri7,31,3307,45,-1.791,-2.161,LC,MB18451240805,HGGENUINE_MTRS-1E21-04,1310,9900,
959608,10.150.243.125,BBMOD_R-1/SFP_R-1 (RF3),CPRILink,Cpri7,34,3212,44,-1.918,-1.549,LC,MB18451242057,HGGENUINE_MTRS-1E21-04,1310,9900,
959610,10.150.242.172,RMOD_R-1/SFP_R-1 (OPT_IF1),CPRILink,Cpri7,25,3302,43,-2.733,-5.031,LC,MB18451431052,HGGENUINE_MTRS-1E21-04,1310,9900,
959610,10.150.242.172,BBMOD_R-1/SFP_R-2 (RF1),CPRILink,Cpri7,33,3216,44,-2.373,-3.645,LC,MB18451431061,HGGENUINE_MTRS-1E21-04,1310,9900,
959610,10.150.242.172,RMOD_R-2/SFP_R-1 (OPT_IF1),CPRILink,Cpri7,33,3297,45,-2.628,-2.168,LC,MB18451430456,HGGENUINE_MTRS-1E21-04,1310,9900,
959610,10.150.242.172,BBMOD_R-1/SFP_R-1 (RF2),CPRILink,Cpri7,32,3216,43,-2.628,-2.161,LC,MB18451430859,HGGENUINE_MTRS-1E21-04,1310,9900,
959610,10.150.242.172,RMOD_R-3/SFP_R-1 (OPT_IF1),CPRILink,Cpri7,29,3316,43,-2.823,-2.396,LC,MB18451430446,HGGENUINE_MTRS-1E21-04,1310,9900,
959610,10.150.242.172,BBMOD_R-1/SFP_R-3 (RF3),CPRILink,Cpri7,32,3221,45,-2.832,-10.757,LC,MB18451432745,HGGENUINE_MTRS-1E21-04,1310,9900,
959614,10.150.243.126,RMOD_R-1/SFP_R-1 (OPT_IF1),CPRILink,Cpri7,35,3302,45,-1.09,-3.019,LC,MB18460341388,HGGENUINE_MTRS-1E21-04,1310,9900,
959614,10.150.243.126,BBMOD_R-1/SFP_R-3 (RF3),CPRILink,Cpri7,35,3207,45,-1.979,-2.907,LC,MB18460341416,HGGENUINE_MTRS-1E21-04,1310,9900,
959614,10.150.243.126,RMOD_R-2/SFP_R-1 (OPT_IF1),CPRILink,Cpri7,28,3312,43,-1.518,-1.931,LC,MB18460342368,HGGENUINE_MTRS-1E21-04,1310,9900,
959614,10.150.243.126,BBMOD_R-1/SFP_R-1 (RF2),CPRILink,Cpri7,35,3207,45,-0.98,-4.377,LC,MB18460341387,HGGENUINE_MTRS-1E21-04,1310,9900,
959614,10.150.243.126,RMOD_R-3/SFP_R-1 (OPT_IF1),CPRILink,Cpri7,27,3302,45,-2.132,-0.799,LC,MB18460340826,HGGENUINE_MTRS-1E21-04,1310,9900,
959614,10.150.243.126,BBMOD_R-1/SFP_R-2 (RF1),CPRILink,Cpri7,35,3212,46,-1.169,-3.036,LC,MB18460342776,HGGENUINE_MTRS-1E21-04,1310,9900,
975612,100.105.151.187,RMOD_R-1/SFP_R-1 (OPT_IF1),CPRILink,Cpri7,27,3285,38,-1.891,-2.993,LC,AC1907A2361,Hisense_LTF1303-AW1,1310,9800,
975612,100.105.151.187,BBMOD_R-1/SFP_R-1 (RF2),CPRILink,Cpri7,29,3200,41,-3.251,-1.952,LC,AC1907A3089,Hisense_LTF1303-AW1,1310,9800,
975612,100.105.151.187,RMOD_R-2/SFP_R-1 (OPT_IF1),CPRILink,Cpri7,29,3301,41,-2.757,-1.979,LC,AC1907A2716,Hisense_LTF1303-AW1,1310,9800,
975612,100.105.151.187,BBMOD_R-1/SFP_R-3 (RF1),CPRILink,Cpri7,29,3218,38,-2.366,-3.507,LC,AC1907A2694,Hisense_LTF1303-AW1,1310,9800,
975612,100.105.151.187,RMOD_R-3/SFP_R-1 (OPT_IF1),CPRILink,Cpri7,29,3278,40,-1.871,-1.739,LC,AC1907A2745,Hisense_LTF1303-AW1,1310,9800,
975612,100.105.151.187,BBMOD_R-1/SFP_R-2 (RF3),CPRILink,Cpri7,29,3209,40,-1.979,-2.168,LC,AC1907A3075,Hisense_LTF1303-AW1,1310,9800,
